date,kpi,value,injected_anomaly,anomaly_iqr,anomaly_zscore,anomaly_any,rolling_mean,rolling_std
2023-01-01,click_rate,0.14033,False,False,False,False,0.14033,
2023-01-02,click_rate,0.134349,False,False,False,False,0.1373395,0.004229205658276751
2023-01-03,click_rate,0.147801,False,False,False,False,0.14082666666666666,0.00673973918882128
2023-01-04,click_rate,0.131252,False,False,False,False,0.138433,0.007293920984856722
2023-01-05,click_rate,0.142479,False,False,False,False,0.1392422,0.006570767512246946
2023-01-06,click_rate,0.135829,False,False,False,False,0.13867333333333334,0.006040003664458045
2023-01-07,click_rate,0.141181,False,False,False,False,0.13903157142857142,0.005594614549044545
2023-01-08,click_rate,0.098023,True,True,False,True,0.1339055,0.015396142077064077
2023-01-09,click_rate,0.135067,False,False,False,False,0.13403455555555555,0.01440697539484877
2023-01-10,click_rate,0.134684,False,False,False,False,0.13409949999999998,0.013584579167816233
2023-01-11,click_rate,0.12939,False,False,False,False,0.13367136363636364,0.012965454880355935
2023-01-12,click_rate,0.140735,False,False,False,False,0.13426000000000002,0.012529119710788655
2023-01-13,click_rate,0.140754,False,False,False,False,0.13475953846153846,0.012130180272192885
2023-01-14,click_rate,0.140436,False,False,False,False,0.135165,0.01175262952573724
2023-01-15,click_rate,0.147616,False,False,False,False,0.13568542857142857,0.012153423839929511
2023-01-16,click_rate,0.147062,False,False,False,False,0.1365935,0.012515437444335569
2023-01-17,click_rate,0.133481,False,False,False,False,0.13557064285714285,0.012107539142757565
2023-01-18,click_rate,0.139191,False,False,False,False,0.13613771428571428,0.01207558529512256
2023-01-19,click_rate,0.131814,False,False,False,False,0.13537592857142858,0.011980802075784447
2023-01-20,click_rate,0.136761,False,False,False,False,0.1354425,0.01198610138548298
2023-01-21,click_rate,0.132181,False,False,False,False,0.13479964285714288,0.011895659936471617
2023-01-22,click_rate,0.148921,False,False,False,False,0.1384352142857143,0.006210632213310565
2023-01-23,click_rate,0.139587,False,False,False,False,0.13875807142857144,0.006139141827578245
2023-01-24,click_rate,0.13531,False,False,False,False,0.1388027857142857,0.006109393513630913
2023-01-25,click_rate,0.145981,False,False,False,False,0.13998785714285714,0.005741117980875279
2023-01-26,click_rate,0.120831,False,False,False,False,0.13856614285714283,0.0076792167855556995
2023-01-27,click_rate,0.122083,False,False,False,False,0.1372325,0.008808307483890951
2023-01-28,click_rate,0.143233,False,False,False,False,0.13743228571428573,0.008917599007913182
2023-01-29,click_rate,0.13779,False,False,False,False,0.13673042857142856,0.008427655534144592
2023-01-30,click_rate,0.139285,False,False,False,False,0.13617492857142857,0.00793625689201428
2023-01-31,click_rate,0.127525,False,False,False,False,0.1357495,0.008245392258710328
2023-02-01,click_rate,0.137363,False,False,False,False,0.13561892857142857,0.00820105617461075
2023-02-02,click_rate,0.152624,False,False,False,False,0.13710535714285713,0.009274064685223763
2023-02-03,click_rate,0.143836,False,False,False,False,0.13761071428571428,0.009445044100793512
2023-02-04,click_rate,0.138981,False,False,False,False,0.1380964285714286,0.0093183366930625
2023-02-05,click_rate,0.134466,False,False,False,False,0.13706392857142857,0.008813852998933747
2023-02-06,click_rate,0.134847,False,False,False,False,0.13672535714285713,0.00880050748193311
2023-02-07,click_rate,0.121882,False,False,False,False,0.13576621428571428,0.009656718507607284
2023-02-08,click_rate,0.139824,False,False,False,False,0.13532642857142857,0.009288929628775956
2023-02-09,click_rate,0.14427,False,False,False,False,0.13700064285714286,0.008558948934456703
2023-02-10,click_rate,0.126145,False,False,False,False,0.1372907857142857,0.008069187559700576
2023-02-11,click_rate,0.133032,False,False,False,False,0.13656214285714285,0.007951041062528993
2023-02-12,click_rate,0.129338,False,False,False,False,0.13595842857142856,0.008168540569340845
2023-02-13,click_rate,0.130802,False,False,False,False,0.13535250000000001,0.008217281515197121
2023-02-14,click_rate,0.138463,False,False,False,False,0.13613378571428572,0.007930797090394586
2023-02-15,click_rate,0.178883,True,True,False,True,0.1390995,0.013924289650435696
2023-02-16,click_rate,0.142697,False,False,False,False,0.13839042857142858,0.013426457529899603
2023-02-17,click_rate,0.143753,False,False,False,False,0.1383845,0.013423886103337758
2023-02-18,click_rate,0.136221,False,False,False,False,0.13818735714285715,0.013434714337274752
2023-02-19,click_rate,0.1195,False,False,False,False,0.13711835714285714,0.014319863302995724
2023-02-20,click_rate,0.130631,False,False,False,False,0.13681721428571428,0.014415316177212733
2023-02-21,click_rate,0.147345,False,False,False,False,0.138636,0.013985925155724891
2023-02-22,click_rate,0.117254,False,False,False,False,0.13702385714285714,0.015095266317915405
2023-02-23,click_rate,0.13547,False,False,False,False,0.1363952857142857,0.01495287033123933
2023-02-24,click_rate,0.129211,False,False,False,False,0.13661428571428572,0.0148129944379852
2023-02-25,click_rate,0.144076,False,False,False,False,0.13740314285714286,0.014901354418860174
2023-02-26,click_rate,0.132956,False,False,False,False,0.13766157142857144,0.014781616132700293
2023-02-27,click_rate,0.141023,False,False,False,False,0.13839164285714284,0.014668736255184894
2023-02-28,click_rate,0.142205,False,False,False,False,0.13865892857142856,0.01470418601029226
2023-03-01,click_rate,0.098857,True,True,False,True,0.13294278571428572,0.013357647387162943
2023-03-02,click_rate,0.136373,False,False,False,False,0.13249107142857142,0.013106993731852245
2023-03-03,click_rate,0.140677,False,False,False,False,0.13227135714285715,0.012928249483545408
2023-03-04,click_rate,0.126677,False,False,False,False,0.13158964285714286,0.012955563471444937
2023-03-05,click_rate,0.146698,False,False,False,False,0.13353235714285713,0.013042154055258649
2023-03-06,click_rate,0.068062,True,True,False,True,0.12906314285714285,0.02185544588657711
2023-03-07,click_rate,0.133465,False,False,False,False,0.1280717142857143,0.02126929117269808
2023-03-08,click_rate,0.13745,False,False,False,False,0.12951428571428572,0.021163776816600068
2023-03-09,click_rate,0.0942,True,True,False,True,0.12656642857142855,0.023059690133064855
2023-03-10,click_rate,0.139218,False,False,False,False,0.1272812142857143,0.023301793688563915
2023-03-11,click_rate,0.144696,False,False,False,False,0.1273255,0.023336730928368663
2023-03-12,click_rate,0.208289,True,True,False,True,0.1327064285714286,0.0318625213225973
2023-03-13,click_rate,0.125393,False,False,False,False,0.13159,0.03182250599811399
2023-03-14,click_rate,0.136313,False,False,False,False,0.13116914285714285,0.03171008497394711
2023-03-15,click_rate,0.142736,False,False,False,False,0.13430335714285715,0.030412642585222416
2023-03-16,click_rate,0.123013,False,False,False,False,0.13334907142857141,0.03055199132743117
2023-03-17,click_rate,0.128962,False,False,False,False,0.13251228571428572,0.030496228236969233
2023-03-18,click_rate,0.14352,False,False,False,False,0.13371535714285715,0.030580429965300325
2023-03-19,click_rate,0.138893,False,False,False,False,0.13315785714285713,0.03039613176517228
2023-03-20,click_rate,0.139877,False,False,False,False,0.13828749999999998,0.023939529112231614
2023-03-21,click_rate,0.150652,False,False,False,False,0.13951514285714287,0.02411325610484868
2023-03-22,click_rate,0.140137,False,False,False,False,0.13970707142857144,0.024106246778869096
2023-03-23,click_rate,0.184626,True,True,False,True,0.14616607142857144,0.023067125790294605
2023-03-24,click_rate,0.156783,False,False,False,False,0.1474207142857143,0.023137723897195612
2023-03-25,click_rate,0.134762,False,False,False,False,0.14671114285714287,0.023378779940717253
2023-03-26,click_rate,0.130294,False,False,False,False,0.1411400714285714,0.015562652391415941
2023-03-27,click_rate,0.139398,False,False,False,False,0.14214042857142858,0.014908966056676133
2023-03-28,click_rate,0.139393,False,False,False,False,0.14236042857142855,0.014838920589575795
2023-03-29,click_rate,0.13206,False,False,False,False,0.14159785714285714,0.015090325218788081
2023-03-30,click_rate,0.128177,False,False,False,False,0.14196671428571428,0.01465802644617288
2023-03-31,click_rate,0.153153,False,False,False,False,0.14369464285714287,0.014431164687829349
2023-04-01,click_rate,0.138189,False,False,False,False,0.14331385714285716,0.014506264746691304
2023-04-02,click_rate,0.130155,False,False,False,False,0.14268971428571428,0.01489390712508137
2023-04-03,click_rate,0.142425,False,False,False,False,0.1428717142857143,0.014872445039419362
2023-04-04,click_rate,0.134646,False,False,False,False,0.1417284285714286,0.014843530518840072
2023-04-05,click_rate,0.133477,False,False,False,False,0.1412527142857143,0.015004307968193535
2023-04-06,click_rate,0.1395,False,False,False,False,0.13802942857142858,0.008334619420172815
2023-04-07,click_rate,0.125504,False,False,False,False,0.1357952142857143,0.007007481619159517
2023-04-08,click_rate,0.137749,False,False,False,False,0.13600857142857142,0.0070190665138090864
2023-04-09,click_rate,0.149362,False,False,False,False,0.13737057142857143,0.007646829123784099
2023-04-10,click_rate,0.138424,False,False,False,False,0.13730099999999998,0.007631379681692879
2023-04-11,click_rate,0.132019,False,False,False,False,0.1367742857142857,0.007729725315336283
2023-04-12,click_rate,0.130952,False,False,False,False,0.13669514285714285,0.00778716560321336
2023-04-13,click_rate,0.206368,True,True,True,True,0.1422802142857143,0.019871443117346416
2023-04-14,click_rate,0.132683,False,False,False,False,0.14081807142857142,0.019762677058864454
2023-04-15,click_rate,0.084361,True,True,False,True,0.1369732142857143,0.024885664990662266
2023-04-16,click_rate,0.141298,False,False,False,False,0.13776914285714287,0.024828951586829028
2023-04-17,click_rate,0.075503,True,True,False,True,0.132989,0.02980668187865577
2023-04-18,click_rate,0.140735,False,False,False,False,0.13342392857142857,0.02987706128959472
2023-04-19,click_rate,0.131348,False,False,False,False,0.13327185714285714,0.029882188146780047
2023-04-20,click_rate,0.13695,False,False,False,False,0.13308971428571428,0.029849058349864704
2023-04-21,click_rate,0.125599,False,False,False,False,0.1330965,0.029847211944914
2023-04-22,click_rate,0.143948,False,False,False,False,0.1335392857142857,0.029967281207827517
2023-04-23,click_rate,0.143259,False,False,False,False,0.13310335714285712,0.029763099695395024
2023-04-24,click_rate,0.14105,False,False,False,False,0.13329092857142857,0.029807452185044894
2023-04-25,click_rate,0.122431,False,False,False,False,0.13260607142857142,0.029948736342840385
2023-04-26,click_rate,0.139951,False,False,False,False,0.13324885714285714,0.03000701982705214
2023-04-27,click_rate,0.136713,False,False,False,False,0.12827349999999998,0.021527279362027404
2023-04-28,click_rate,0.121583,False,False,False,False,0.12748064285714286,0.021556771599330823
2023-04-29,click_rate,0.13339,False,False,False,False,0.13098271428571426,0.017639424953249473
2023-04-30,click_rate,0.136258,False,False,False,False,0.1306227142857143,0.017463258540008113
2023-05-01,click_rate,0.137649,False,False,False,False,0.13506171428571428,0.007337311805250865
2023-05-02,click_rate,0.134766,False,False,False,False,0.13463535714285715,0.007153408166818115
2023-05-03,click_rate,0.135582,False,False,False,False,0.13493778571428572,0.007092982243344248
2023-05-04,click_rate,0.144414,False,False,False,False,0.13547092857142856,0.007523324832344287
2023-05-05,click_rate,0.142525,False,False,False,False,0.13667992857142858,0.007166411133403396
2023-05-06,click_rate,0.111797,False,True,False,True,0.13438342857142857,0.00944680382021261
2023-05-07,click_rate,0.130893,False,False,False,False,0.13350014285714287,0.00912575368316039
2023-05-08,click_rate,0.132017,False,False,False,False,0.13285492857142858,0.008866545129472252
2023-05-09,click_rate,0.051021,True,True,True,True,0.1277542142857143,0.02360882277121962
2023-05-10,click_rate,0.133923,False,False,False,False,0.12732364285714287,0.02342351138889546
2023-05-11,click_rate,0.14257,False,False,False,False,0.127742,0.023655268686180373
2023-05-12,click_rate,0.125046,False,False,False,False,0.12798935714285714,0.023603961716389735
2023-05-13,click_rate,0.135713,False,False,False,False,0.12815528571428572,0.023652961071513868
2023-05-14,click_rate,0.126319,False,False,False,False,0.12744535714285715,0.023539942100468465
2023-05-15,click_rate,0.12815,False,False,False,False,0.12676685714285713,0.023359419917906778
2023-05-16,click_rate,0.144275,False,False,False,False,0.12744607142857142,0.023744963218023222
2023-05-17,click_rate,0.129134,False,False,False,False,0.1269855,0.02363730529594791
2023-05-18,click_rate,0.136682,False,False,False,False,0.12643321428571427,0.023286489725155683
2023-05-19,click_rate,0.119198,False,False,False,False,0.124767,0.02287747099054172
2023-05-20,click_rate,0.147219,False,False,False,False,0.12729714285714283,0.0232877840371865
2023-05-21,click_rate,0.137794,False,False,False,False,0.12779007142857143,0.023442275471937418
2023-05-22,click_rate,0.131932,False,False,False,False,0.12778399999999998,0.02344110748565108
2023-05-23,click_rate,0.137648,False,False,False,False,0.13397164285714286,0.007903432317740171
2023-05-24,click_rate,0.122791,False,False,False,False,0.13317649999999998,0.008449797582919284
2023-05-25,click_rate,0.142271,False,False,False,False,0.13315514285714286,0.00842456906779349
2023-05-26,click_rate,0.185685,True,True,True,True,0.1374865,0.016061497821474546
2023-05-27,click_rate,0.131956,False,False,False,False,0.13721814285714287,0.016124670944082733
2023-05-28,click_rate,0.129846,False,False,False,False,0.13747007142857143,0.015968078235434842
2023-05-29,click_rate,0.077229,True,True,False,True,0.13383285714285714,0.022653996352680325
2023-05-30,click_rate,0.138849,False,False,False,False,0.1334452857142857,0.02250754837289576
2023-05-31,click_rate,0.135615,False,False,False,False,0.13390821428571428,0.022478685244808373
2023-06-01,click_rate,0.138645,False,False,False,False,0.13404842857142857,0.022503426722695747
2023-06-02,click_rate,0.133754,False,False,False,False,0.13508814285714285,0.02209711461100451
2023-06-03,click_rate,0.137736,False,False,False,False,0.13441078571428572,0.021840509712207083
2023-06-04,click_rate,0.130815,False,False,False,False,0.1339122857142857,0.021836995325254016
2023-06-05,click_rate,0.150752,False,False,False,False,0.13525657142857142,0.02228048772327065
2023-06-06,click_rate,0.122345,False,False,False,False,0.1341635,0.022528143433867866
2023-06-07,click_rate,0.14364,False,False,False,False,0.1356527142857143,0.02240732344716644
2023-06-08,click_rate,0.144523,False,False,False,False,0.13581357142857145,0.02246649451521529
2023-06-09,click_rate,0.127957,False,False,False,False,0.13169014285714284,0.01731649486586594
2023-06-10,click_rate,0.151154,False,False,False,False,0.13306142857142858,0.01808237143958507
2023-06-11,click_rate,0.141989,False,False,False,False,0.1339287857142857,0.018207074433090255
2023-06-12,click_rate,0.141897,False,False,False,False,0.13854792857142859,0.008130589348156303
2023-06-13,click_rate,0.134917,False,False,False,False,0.13826707142857145,0.008187105005990942
2023-06-14,click_rate,0.17692,True,True,False,True,0.14121742857142858,0.013116413239286771
2023-06-15,click_rate,0.13333,False,False,False,False,0.1408377857142857,0.01327258652653644
2023-06-16,click_rate,0.137929,False,False,False,False,0.14113599999999998,0.013147495110944471
2023-06-17,click_rate,0.14561,False,False,False,False,0.1416984285714286,0.013159273633883811
2023-06-18,click_rate,0.136564,False,False,False,False,0.14210907142857143,0.012880267636160434
2023-06-19,click_rate,0.128473,False,False,False,False,0.14051771428571427,0.013104623995595411
2023-06-20,click_rate,0.141599,False,False,False,False,0.141893,0.012015845608708059
2023-06-21,click_rate,0.142432,False,False,False,False,0.14180671428571429,0.012006669213582786
2023-06-22,click_rate,0.140543,False,False,False,False,0.14152242857142858,0.011984505000620224
2023-06-23,click_rate,0.141334,False,False,False,False,0.14247792857142857,0.011335450216462121
2023-06-24,click_rate,0.097046,True,True,False,True,0.13861307142857143,0.016290789844686387
2023-06-25,click_rate,0.098612,True,True,False,True,0.1355147142857143,0.01942314088293246
2023-06-26,click_rate,0.129569,False,False,False,False,0.13463414285714284,0.019390960395373552
2023-06-27,click_rate,0.123929,False,False,False,False,0.1338492857142857,0.019599877454203146
2023-06-28,click_rate,0.138086,False,False,False,False,0.13107542857142856,0.015315052679355332
2023-06-29,click_rate,0.103779,True,True,False,True,0.12896464285714285,0.01693152951701985
2023-06-30,click_rate,0.13324,False,False,False,False,0.1286297142857143,0.01678631652648885
2023-07-01,click_rate,0.114489,False,False,False,False,0.1264067857142857,0.016421363736016246
2023-07-02,click_rate,0.127417,False,False,False,False,0.12575342857142857,0.016166134363654664
2023-07-03,click_rate,0.145294,False,False,False,False,0.12695492857142857,0.01698800059528121
2023-07-04,click_rate,0.132019,False,False,False,False,0.12627064285714287,0.016539785760900396
2023-07-05,click_rate,0.139823,False,False,False,False,0.1260842857142857,0.016357377500116534
2023-07-06,click_rate,0.126804,False,False,False,False,0.12510292857142857,0.01582673027830441
2023-07-07,click_rate,0.148139,False,False,False,False,0.125589,0.01645557020025087
2023-07-08,click_rate,0.136383,False,False,False,False,0.1283987857142857,0.014442177345850977
2023-07-09,click_rate,0.139751,False,False,False,False,0.13133728571428568,0.011871839786321592
2023-07-10,click_rate,0.155132,False,False,False,False,0.1331632142857143,0.013441076308657924
2023-07-11,click_rate,0.149173,False,False,False,False,0.13496635714285715,0.013795587107182814
2023-07-12,click_rate,0.135611,False,False,False,False,0.13478957142857143,0.013768366070951804
2023-07-13,click_rate,0.133571,False,False,False,False,0.13691757142857144,0.010527673259734879
2023-07-14,click_rate,0.135686,False,False,False,False,0.13709228571428572,0.010482144675065858
2023-07-15,click_rate,0.142058,False,False,False,False,0.1390615,0.008264102936565737
2023-07-16,click_rate,0.13755,False,False,False,False,0.1397852857142857,0.007581334857383682
2023-07-17,click_rate,0.135478,False,False,False,False,0.13908414285714285,0.00748599027781636
2023-07-18,click_rate,0.149547,False,False,False,False,0.14033614285714285,0.007676791876590388
2023-07-19,click_rate,0.137787,False,False,False,False,0.14019071428571428,0.007706488060055687
2023-07-20,click_rate,0.155988,False,False,False,False,0.14227528571428572,0.007753825065273123
2023-07-21,click_rate,0.139517,False,False,False,False,0.14165942857142858,0.007593005462663949
2023-07-22,click_rate,0.152319,False,False,False,False,0.14279771428571428,0.00792825792707594
2023-07-23,click_rate,0.141701,False,False,False,False,0.142937,0.007887640117004916
2023-07-24,click_rate,0.146332,False,False,False,False,0.14230842857142859,0.007157942535439915
2023-07-25,click_rate,0.133761,False,False,False,False,0.14120757142857143,0.007205978401665889
2023-07-26,click_rate,0.132876,False,False,False,False,0.14101221428571428,0.007403734974047532
2023-07-27,click_rate,0.142808,False,False,False,False,0.141672,0.007094730037689449
2023-07-28,click_rate,0.146853,False,False,False,False,0.14246964285714286,0.006997036808064351
2023-07-29,click_rate,0.139816,False,False,False,False,0.1423095,0.007032748360349655
2023-07-30,click_rate,0.129939,False,False,False,False,0.14176585714285714,0.007692218384206881
2023-07-31,click_rate,0.129455,False,False,False,False,0.14133564285714287,0.008221181756780625
2023-08-01,click_rate,0.12902,False,False,False,False,0.13986942857142856,0.008470734576395167
2023-08-02,click_rate,0.12653,False,False,False,False,0.13906535714285714,0.00918755801327278
2023-08-03,click_rate,0.140668,False,False,False,False,0.13797107142857143,0.007828812931574135
2023-08-04,click_rate,0.148342,False,False,False,False,0.13860142857142857,0.008303740665083846
2023-08-05,click_rate,0.139858,False,False,False,False,0.13771135714285715,0.007331142440167281
2023-08-06,click_rate,0.123056,False,False,False,False,0.13637957142857143,0.00819345208278944
2023-08-07,click_rate,0.138626,False,False,False,False,0.13582914285714284,0.0077185019755942426
2023-08-08,click_rate,0.13888,False,False,False,False,0.13619478571428573,0.007734226301900571
2023-08-09,click_rate,0.155861,False,False,False,False,0.13783657142857142,0.009263852560556882
2023-08-10,click_rate,0.12925,False,False,False,False,0.13686814285714285,0.009411656797308827
2023-08-11,click_rate,0.137282,False,False,False,False,0.13618449999999999,0.0089677260967401
2023-08-12,click_rate,0.153036,False,False,False,False,0.13712878571428572,0.010014463580077727
2023-08-13,click_rate,0.143644,False,False,False,False,0.13810771428571428,0.009927049421644903
2023-08-14,click_rate,0.144517,False,False,False,False,0.13918357142857143,0.009731419974766025
2023-08-15,click_rate,0.141171,False,False,False,False,0.1400515,0.00928693225617426
2023-08-16,click_rate,0.142802,False,False,False,False,0.14121378571428572,0.008444543137239833
2023-08-17,click_rate,0.146172,False,False,False,False,0.14160692857142856,0.008544706696719799
2023-08-18,click_rate,0.134278,False,False,False,False,0.14060235714285715,0.008518666730342154
2023-08-19,click_rate,0.146939,False,False,False,False,0.14110814285714285,0.008679761533919887
2023-08-20,click_rate,0.130058,False,False,False,False,0.14160828571428571,0.0077067461898758524
2023-08-21,click_rate,0.067921,True,True,True,True,0.13655792857142857,0.021187728169733185
2023-08-22,click_rate,0.141689,False,False,False,False,0.13675857142857142,0.021224677214957136
2023-08-23,click_rate,0.135717,False,False,False,False,0.1353197142857143,0.02050052110567912
2023-08-24,click_rate,0.140157,False,False,False,False,0.1360987857142857,0.020459318588467095
2023-08-25,click_rate,0.135642,False,False,False,False,0.13598164285714287,0.020456717657634505
2023-08-26,click_rate,0.187975,True,True,False,True,0.13847728571428572,0.024440615139018632
2023-08-27,click_rate,0.105409,True,True,False,True,0.1357462142857143,0.025910885381596693
2023-08-28,click_rate,0.131963,False,False,False,False,0.1348495,0.02580099943427951
2023-08-29,click_rate,0.198869,True,True,False,True,0.13897078571428573,0.030977331051986967
2023-08-30,click_rate,0.131555,False,False,False,False,0.13816742857142858,0.031016144462854493
2023-08-31,click_rate,0.145485,False,False,False,False,0.13811835714285714,0.031003046750048845
2023-09-01,click_rate,0.131245,False,False,False,False,0.13790171428571427,0.03104251850763245
2023-09-02,click_rate,0.135817,False,False,False,False,0.1371072857142857,0.030935579820574956
2023-09-03,click_rate,0.135335,False,False,False,False,0.13748421428571428,0.030875171504172863
2023-09-04,click_rate,0.208024,True,True,False,True,0.14749157142857142,0.02925662400923225
2023-09-05,click_rate,0.142398,False,False,False,False,0.1475422142857143,0.02924641905543201
2023-09-06,click_rate,0.138279,False,False,False,False,0.1477252142857143,0.029174662292366454
2023-09-07,click_rate,0.108997,True,True,False,True,0.14549949999999998,0.03093210358125584
2023-09-08,click_rate,0.123948,False,False,False,False,0.14466421428571427,0.03137351213800629
2023-09-09,click_rate,0.139367,False,False,False,False,0.1411922142857143,0.028795477441855278
2023-09-10,click_rate,0.154608,False,False,False,False,0.14470642857142857,0.02704125456157199
2023-09-11,click_rate,0.140553,False,False,False,False,0.14531999999999998,0.026826462604043713
2023-09-12,click_rate,0.140001,False,False,False,False,0.14111514285714286,0.021959461033939327
2023-09-13,click_rate,0.143532,False,False,False,False,0.14197064285714284,0.021791020767586995
2023-09-14,click_rate,0.146065,False,False,False,False,0.14201207142857145,0.02179876609939299
2023-09-15,click_rate,0.124292,False,False,False,False,0.14151542857142857,0.02213948542142016
2023-09-16,click_rate,0.126579,False,False,False,False,0.14085557142857144,0.022457768300366977
2023-09-17,click_rate,0.140695,False,False,False,False,0.14123842857142857,0.022402033907366854
2023-09-18,click_rate,0.133676,False,False,False,False,0.13592785714285713,0.011522927017687142
2023-09-19,click_rate,0.148796,False,False,False,False,0.13638485714285714,0.011919326509478623
2023-09-20,click_rate,0.136509,False,False,False,False,0.13625842857142856,0.011907070728800545
2023-09-21,click_rate,0.124279,False,False,False,False,0.13735,0.009714217019795893
2023-09-22,click_rate,0.066643,True,True,True,True,0.1332567857142857,0.021144307763478604
2023-09-23,click_rate,0.117993,False,False,False,False,0.13173007142857143,0.021438784417550254
2023-09-24,click_rate,0.136772,False,False,False,False,0.13045607142857144,0.02048334702391665
2023-09-25,click_rate,0.169294,True,True,False,True,0.132509,0.02287392045035631
2023-09-26,click_rate,0.135167,False,False,False,False,0.1321637142857143,0.022788453329325685
2023-09-27,click_rate,0.146352,False,False,False,False,0.13236514285714288,0.022908813167583576
2023-09-28,click_rate,0.147159,False,False,False,False,0.1324432857142857,0.022960945110635674
2023-09-29,click_rate,0.136801,False,False,False,False,0.1333367857142857,0.02286252295848975
2023-09-30,click_rate,0.121978,False,False,False,False,0.13300814285714285,0.022999793791239925
2023-10-01,click_rate,0.142526,False,False,False,False,0.13313892857142856,0.02305201317911059
2023-10-02,click_rate,0.141971,False,False,False,False,0.13373142857142858,0.02317316303138437
2023-10-03,click_rate,0.140035,False,False,False,False,0.13310564285714285,0.022851110889027595
2023-10-04,click_rate,0.144985,False,False,False,False,0.13371107142857144,0.023059550280704742
2023-10-05,click_rate,0.128797,False,False,False,False,0.13403378571428573,0.022948744347009362
2023-10-06,click_rate,0.217272,True,True,False,True,0.144793,0.024199198813819663
2023-10-07,click_rate,0.130158,False,False,False,False,0.1456619285714286,0.02336695334297925
2023-10-08,click_rate,0.142884,False,False,False,False,0.1460985,0.023244861042488886
2023-10-09,click_rate,0.124522,False,False,False,False,0.1429005,0.022885231414268382
2023-10-10,click_rate,0.130114,False,False,False,False,0.14253957142857143,0.023055790875160232
2023-10-11,click_rate,0.148378,False,False,False,False,0.14268428571428574,0.02308789701729717
2023-10-12,click_rate,0.134964,False,False,False,False,0.14181321428571428,0.023136085501552883
2023-10-13,click_rate,0.143137,False,False,False,False,0.14226578571428572,0.023092427170889985
2023-10-14,click_rate,0.138533,False,False,False,False,0.14344828571428572,0.022386715938865927
2023-10-15,click_rate,0.189385,True,True,False,True,0.14679535714285713,0.0255216896372392
2023-10-16,click_rate,0.146826,False,False,False,False,0.14714214285714286,0.025484051147749282
2023-10-17,click_rate,0.134745,False,False,False,False,0.1467642857142857,0.02563629942222427
2023-10-18,click_rate,0.056215,True,True,False,True,0.14042357142857143,0.035275836252889305
2023-10-19,click_rate,0.130348,False,False,False,False,0.14053435714285714,0.03523892979604134
2023-10-20,click_rate,0.140436,False,False,False,False,0.13504607142857142,0.027502187567437324
2023-10-21,click_rate,0.1392,False,False,False,False,0.13569192857142856,0.027484731723587577
2023-10-22,click_rate,0.124414,False,False,False,False,0.13437264285714284,0.027556145185385066
2023-10-23,click_rate,0.13067,False,False,False,False,0.13481178571428573,0.027435812273457375
2023-10-24,click_rate,0.089205,True,True,False,True,0.1318897142857143,0.030030471741033453
2023-10-25,click_rate,0.133241,False,False,False,False,0.1308085,0.029661391760878404
2023-10-26,click_rate,0.125607,False,False,False,False,0.13014014285714287,0.02966597338536351
2023-10-27,click_rate,0.13116,False,False,False,False,0.12928464285714286,0.02943413140349175
2023-10-28,click_rate,0.130357,False,False,False,False,0.12870064285714286,0.029317398674106144
2023-10-29,click_rate,0.14156,False,False,False,False,0.12528457142857144,0.024008053926560885
2023-10-30,click_rate,0.141797,False,False,False,False,0.12492535714285714,0.023696554694746134
2023-10-31,click_rate,0.134593,False,False,False,False,0.12491450000000001,0.023691743838632495
2023-11-01,click_rate,0.168083,True,True,False,True,0.13290507142857141,0.016517804582488336
2023-11-02,click_rate,0.136662,False,False,False,False,0.13335607142857145,0.016528810676486042
2023-11-03,click_rate,0.129455,False,False,False,False,0.1325717142857143,0.01642723000868496
2023-11-04,click_rate,0.126949,False,False,False,False,0.13169664285714286,0.016373197514921608
2023-11-05,click_rate,0.128473,False,False,False,False,0.13198657142857143,0.016269931978082342
2023-11-06,click_rate,0.130741,False,False,False,False,0.13199164285714285,0.01626950108736792
2023-11-07,click_rate,0.126756,False,False,False,False,0.13467385714285715,0.01087358115842199
2023-11-08,click_rate,0.136682,False,False,False,False,0.13491964285714286,0.010877590878690667
2023-11-09,click_rate,0.140927,False,False,False,False,0.13601392857142858,0.01063659990833015
2023-11-10,click_rate,0.123542,False,False,False,False,0.13546978571428572,0.01108924443689999
2023-11-11,click_rate,0.135628,False,False,False,False,0.13584628571428572,0.010991351043354068
2023-11-12,click_rate,0.133788,False,False,False,False,0.13529114285714286,0.010876236657234637
2023-11-13,click_rate,0.138001,False,False,False,False,0.13502,0.010748132932675335
2023-11-14,click_rate,0.135348,False,False,False,False,0.13507392857142858,0.010747719754328403
2023-11-15,click_rate,0.124551,False,False,False,False,0.13196449999999998,0.005459281606021404
2023-11-16,click_rate,0.125998,False,False,False,False,0.1312027857142857,0.0054972616844634345
2023-11-17,click_rate,0.135702,False,False,False,False,0.131649,0.005597109088971155
2023-11-18,click_rate,0.143217,False,False,False,False,0.13281099999999998,0.006202260133953473
2023-11-19,click_rate,0.118918,False,False,False,False,0.1321285,0.007167020180607023
2023-11-20,click_rate,0.138144,False,False,False,False,0.13265728571428573,0.007328064078790173
2023-11-21,click_rate,0.144503,False,False,False,False,0.13392492857142857,0.007751455034272586
2023-11-22,click_rate,0.134467,False,False,False,False,0.13376671428571427,0.0077133633832017
2023-11-23,click_rate,0.139778,False,False,False,False,0.13368464285714285,0.0076370515616265905
2023-11-24,click_rate,0.130419,False,False,False,False,0.13417585714285715,0.007139448231827398
2023-11-25,click_rate,0.134841,False,False,False,False,0.13411964285714287,0.00713022725505923
2023-11-26,click_rate,0.170605,True,True,False,True,0.13674942857142858,0.012074041791662507
2023-11-27,click_rate,0.118252,False,False,False,False,0.1353387857142857,0.013032214388722482
2023-11-28,click_rate,0.142959,False,False,False,False,0.13588242857142857,0.013190415720481293
2023-11-29,click_rate,0.181382,True,True,False,True,0.1399417857142857,0.017481736118583332
2023-11-30,click_rate,0.13259,False,False,False,False,0.14041264285714286,0.017163153675633383
2023-12-01,click_rate,0.125672,False,False,False,False,0.1396962142857143,0.0175792066644246
2023-12-02,click_rate,0.125562,False,False,False,False,0.13843514285714287,0.01793682601138333
2023-12-03,click_rate,0.134903,False,False,False,False,0.1395769285714286,0.017087539722374808
2023-12-04,click_rate,0.130807,False,False,False,False,0.13905285714285714,0.01724663942675454
2023-12-05,click_rate,0.13919,False,False,False,False,0.13867335714285714,0.017175796694575977
2023-12-06,click_rate,0.139827,False,False,False,False,0.1390562142857143,0.01713451136058261
2023-12-07,click_rate,0.13892,False,False,False,False,0.13899492857142856,0.01713326550878454
2023-12-08,click_rate,0.138387,False,False,False,False,0.13956407142857144,0.016957916977779892
2023-12-09,click_rate,0.148517,False,False,False,False,0.14054092857142858,0.01705851998929789
2023-12-10,click_rate,0.128766,False,False,False,False,0.13755242857142858,0.014916885258062347
2023-12-11,click_rate,0.136452,False,False,False,False,0.13885242857142857,0.013861178369900527
2023-12-12,click_rate,0.145452,False,False,False,False,0.1390305,0.013933815915302562
2023-12-13,click_rate,0.146537,False,False,False,False,0.13654157142857143,0.007337664748136401
2023-12-14,click_rate,0.126487,False,False,False,False,0.13610564285714286,0.007759640302995215
2023-12-15,click_rate,0.134907,False,False,False,False,0.1367652857142857,0.007174957887076305
2023-12-16,click_rate,0.10573,True,True,False,True,0.1353487142857143,0.010665624771115899
2023-12-17,click_rate,0.141265,False,False,False,False,0.13580314285714284,0.010780091599847302
2023-12-18,click_rate,0.139024,False,False,False,False,0.13639007142857143,0.010710615003991878
2023-12-19,click_rate,0.136033,False,False,False,False,0.13616457142857144,0.01068032178796618
2023-12-20,click_rate,0.134895,False,False,False,False,0.1358122857142857,0.01063145373537749
2023-12-21,click_rate,0.140044,False,False,False,False,0.13589257142857142,0.010660930784261414
2023-12-22,click_rate,0.1361,False,False,False,False,0.1357292142857143,0.010637264116003974
2023-12-23,click_rate,0.080608,True,True,False,True,0.13087857142857143,0.017577053523597924
2023-12-24,click_rate,0.138807,False,False,False,False,0.1315957857142857,0.017688723070748334
2023-12-25,click_rate,0.133245,False,False,False,False,0.13136671428571428,0.01764169987635745
2023-12-26,click_rate,0.142436,False,False,False,False,0.13115128571428572,0.017474087516304544
2023-12-27,click_rate,0.160416,False,True,False,True,0.13214264285714286,0.018760459239118735
2023-12-28,click_rate,0.050547,True,True,False,True,0.12671835714285715,0.028808859723268146
2023-12-29,click_rate,0.14122,False,False,False,False,0.1271692857142857,0.028995692309849566
2023-12-30,click_rate,0.133204,False,False,False,False,0.1291317142857143,0.028355722912881007
2023-12-31,click_rate,0.143352,False,False,False,False,0.12928078571428572,0.02842980569802526
2023-01-01,conversion_rate,0.224716,False,False,False,False,0.224716,
2023-01-02,conversion_rate,0.207832,False,False,False,False,0.216274,0.011938790893553675
2023-01-03,conversion_rate,0.219169,False,False,False,False,0.217239,0.008605872355548862
2023-01-04,conversion_rate,0.234266,False,False,False,False,0.22149575,0.011038736714407143
2023-01-05,conversion_rate,0.219411,False,False,False,False,0.2210788,0.009605181815041304
2023-01-06,conversion_rate,0.207625,False,False,False,False,0.2188365,0.01019681665521157
2023-01-07,conversion_rate,0.235441,False,False,False,False,0.22120857142857142,0.011226439846142132
2023-01-08,conversion_rate,0.226474,False,False,False,False,0.22186675,0.010559064186754438
2023-01-09,conversion_rate,0.220944,False,False,False,False,0.22176422222222222,0.009881888202385442
2023-01-10,conversion_rate,0.163275,True,True,False,True,0.21591529999999998,0.020709911529667786
2023-01-11,conversion_rate,0.229808,False,False,False,False,0.21717827272727275,0.02008871556914931
2023-01-12,conversion_rate,0.217735,False,False,False,False,0.21722466666666665,0.019154512994607985
2023-01-13,conversion_rate,0.23052,False,False,False,False,0.21824738461538462,0.018706098740510903
2023-01-14,conversion_rate,0.226081,False,False,False,False,0.21880692857142856,0.018093772492062166
2023-01-15,conversion_rate,0.223954,False,False,False,False,0.2187525,0.018075766998302538
2023-01-16,conversion_rate,0.223314,False,False,False,False,0.21985835714285715,0.017828159802390164
2023-01-17,conversion_rate,0.221011,False,False,False,False,0.21998992857142857,0.017829477931285538
2023-01-18,conversion_rate,0.230266,False,False,False,False,0.21970421428571427,0.017613854368643465
2023-01-19,conversion_rate,0.216031,False,False,False,False,0.2194627857142857,0.017641325509149826
2023-01-20,conversion_rate,0.210452,False,False,False,False,0.21966471428571427,0.0175111019528868
2023-01-21,conversion_rate,0.227318,False,False,False,False,0.2190845,0.017077361310991634
2023-01-22,conversion_rate,0.227535,False,False,False,False,0.21916028571428572,0.017114989680342838
2023-01-23,conversion_rate,0.226491,False,False,False,False,0.21955650000000002,0.01722332333583648
2023-01-24,conversion_rate,0.226034,False,False,False,False,0.22403928571428572,0.005879383031846575
2023-01-25,conversion_rate,0.220655,False,False,False,False,0.2233855,0.005694559532503921
2023-01-26,conversion_rate,0.229046,False,False,False,False,0.2241934285714286,0.005633271610083048
2023-01-27,conversion_rate,0.222877,False,False,False,False,0.2236475,0.005335466842093341
2023-01-28,conversion_rate,0.219641,False,False,False,False,0.2231875,0.005386888666011253
2023-01-29,conversion_rate,0.221028,False,False,False,False,0.2229785,0.005411567293947618
2023-01-30,conversion_rate,0.238591,False,False,False,False,0.22406971428571426,0.006836963467106586
2023-01-31,conversion_rate,0.210491,False,False,False,False,0.22331828571428572,0.007720071855271166
2023-02-01,conversion_rate,0.227315,False,False,False,False,0.22310750000000001,0.007554288570586431
2023-02-02,conversion_rate,0.211034,False,False,False,False,0.22275057142857144,0.008018169575449235
2023-02-03,conversion_rate,0.222873,False,False,False,False,0.22363778571428572,0.00719788219044137
2023-02-04,conversion_rate,0.188294,True,True,False,True,0.22085035714285714,0.011768230385283048
2023-02-05,conversion_rate,0.208152,False,False,False,False,0.21946585714285716,0.01205791876324845
2023-02-06,conversion_rate,0.175448,True,True,False,True,0.21581992857142857,0.01662304759369345
2023-02-07,conversion_rate,0.221031,False,False,False,False,0.21546257142857142,0.01643933930786516
2023-02-08,conversion_rate,0.269908,True,True,False,True,0.21898064285714286,0.02197435954298045
2023-02-09,conversion_rate,0.230255,False,False,False,False,0.21906699999999998,0.022019287898078395
2023-02-10,conversion_rate,0.234755,False,False,False,False,0.21991542857142857,0.02240287949113921
2023-02-11,conversion_rate,0.235198,False,False,False,False,0.22102664285714285,0.022771020113655074
2023-02-12,conversion_rate,0.226741,False,False,False,False,0.2214347142857143,0.022822179166593373
2023-02-13,conversion_rate,0.224418,False,False,False,False,0.22042235714285716,0.022311238839538818
2023-02-14,conversion_rate,0.234053,False,False,False,False,0.22210535714285712,0.0223929859300326
2023-02-15,conversion_rate,0.236725,False,False,False,False,0.22277750000000002,0.022700498739861692
2023-02-16,conversion_rate,0.232622,False,False,False,False,0.22431949999999998,0.022574287707478193
2023-02-17,conversion_rate,0.217067,False,False,False,False,0.2239047857142857,0.022656088694886202
2023-02-18,conversion_rate,0.225644,False,False,False,False,0.22657264285714285,0.020206874224866188
2023-02-19,conversion_rate,0.227432,False,False,False,False,0.22794978571428567,0.01949950305946116
2023-02-20,conversion_rate,0.210562,False,False,False,False,0.23045792857142858,0.01358965872364998
2023-02-21,conversion_rate,0.152754,True,True,False,True,0.225581,0.024833098564369552
2023-02-22,conversion_rate,0.241167,False,False,False,False,0.22352807142857142,0.021901727088429458
2023-02-23,conversion_rate,0.228906,False,False,False,False,0.2234317142857143,0.02187280363454044
2023-02-24,conversion_rate,0.235142,False,False,False,False,0.22345935714285714,0.02188845375150718
2023-02-25,conversion_rate,0.225444,False,False,False,False,0.22276264285714284,0.021639893038293695
2023-02-26,conversion_rate,0.268982,True,True,False,True,0.22577985714285714,0.024931685307770825
2023-02-27,conversion_rate,0.226883,False,False,False,False,0.22595592857142857,0.024930031893787785
2023-02-28,conversion_rate,0.217875,False,False,False,False,0.22480035714285715,0.02490076980461926
2023-03-01,conversion_rate,0.216733,False,False,False,False,0.22337235714285714,0.024737024488708133
2023-03-02,conversion_rate,0.181,True,True,False,True,0.21968507142857144,0.026996410930869158
2023-03-03,conversion_rate,0.234179,False,False,False,False,0.22090735714285717,0.027254900131358582
2023-03-04,conversion_rate,0.216411,False,False,False,False,0.22024785714285716,0.027243173927982946
2023-03-05,conversion_rate,0.23106,False,False,False,False,0.22050699999999998,0.0273338718977586
2023-03-06,conversion_rate,0.223099,False,False,False,False,0.22140249999999997,0.027187972091038296
2023-03-07,conversion_rate,0.226249,False,False,False,False,0.22665214285714286,0.018676322426073047
2023-03-08,conversion_rate,0.227099,False,False,False,False,0.22564728571428572,0.01820787556749332
2023-03-09,conversion_rate,0.231049,False,False,False,False,0.22580035714285712,0.018246345874879052
2023-03-10,conversion_rate,0.224152,False,False,False,False,0.22501535714285717,0.018048870476515235
2023-03-11,conversion_rate,0.300595,True,True,False,True,0.23038328571428573,0.02709469989451127
2023-03-12,conversion_rate,0.225727,False,False,False,False,0.22729364285714285,0.024716505947387758
2023-03-13,conversion_rate,0.228022,False,False,False,False,0.22737499999999997,0.024716924864740607
2023-03-14,conversion_rate,0.217022,False,False,False,False,0.22731407142857143,0.024743181669873285
2023-03-15,conversion_rate,0.239391,False,False,False,False,0.22893249999999998,0.024738864294403758
2023-03-16,conversion_rate,0.226652,False,False,False,False,0.23219335714285713,0.020596787948263126
2023-03-17,conversion_rate,0.228401,False,False,False,False,0.23178064285714287,0.020611823140380677
2023-03-18,conversion_rate,0.210915,False,False,False,False,0.23138807142857143,0.020976187687889933
2023-03-19,conversion_rate,0.216728,False,False,False,False,0.23036435714285713,0.021340002233462357
2023-03-20,conversion_rate,0.232102,False,False,False,False,0.23100742857142859,0.02123963721157034
2023-03-21,conversion_rate,0.224888,False,False,False,False,0.2309102142857143,0.021266190050365025
2023-03-22,conversion_rate,0.208299,False,False,False,False,0.22956735714285714,0.022102483071808086
2023-03-23,conversion_rate,0.230356,False,False,False,False,0.22951785714285713,0.022099685416686048
2023-03-24,conversion_rate,0.218404,False,False,False,False,0.2291072857142857,0.022259854645418676
2023-03-25,conversion_rate,0.199664,True,False,False,False,0.22189792857142857,0.010634779043412217
2023-03-26,conversion_rate,0.221649,False,False,False,False,0.22160664285714285,0.010577527496516484
2023-03-27,conversion_rate,0.223755,False,False,False,False,0.22130185714285716,0.010439021666930247
2023-03-28,conversion_rate,0.230972,False,False,False,False,0.22229828571428573,0.010662463133157177
2023-03-29,conversion_rate,0.215309,False,False,False,False,0.2205781428571429,0.009580470173600798
2023-03-30,conversion_rate,0.214503,False,False,False,False,0.21971035714285714,0.009538114654916417
2023-03-31,conversion_rate,0.154353,True,True,True,True,0.21442121428571428,0.019586277799200993
2023-04-01,conversion_rate,0.227972,False,False,False,False,0.21563957142857143,0.01987971202281088
2023-04-02,conversion_rate,0.211695,False,False,False,False,0.21528007142857142,0.019904008013325022
2023-04-03,conversion_rate,0.209075,False,False,False,False,0.21363528571428572,0.019350720727696932
2023-04-04,conversion_rate,0.227672,False,False,False,False,0.21383414285714286,0.019489064499224842
2023-04-05,conversion_rate,0.216881,False,False,False,False,0.21444714285714286,0.019436468541446473
2023-04-06,conversion_rate,0.218372,False,False,False,False,0.21359114285714287,0.018939471371296947
2023-04-07,conversion_rate,0.207297,False,False,False,False,0.21279778571428573,0.018954981704345925
2023-04-08,conversion_rate,0.216042,False,False,False,False,0.21396764285714287,0.018583814271097263
2023-04-09,conversion_rate,0.220989,False,False,False,False,0.21392049999999999,0.018563655727295188
2023-04-10,conversion_rate,0.227935,False,False,False,False,0.2142190714285714,0.018766504270453992
2023-04-11,conversion_rate,0.215087,False,False,False,False,0.21308442857142856,0.018145630445474667
2023-04-12,conversion_rate,0.233215,False,False,False,False,0.21436342857142857,0.018928651805842227
2023-04-13,conversion_rate,0.215566,False,False,False,False,0.21443935714285714,0.01893138654602314
2023-04-14,conversion_rate,0.16577,True,True,True,True,0.21525485714285714,0.016191620819030247
2023-04-15,conversion_rate,0.232066,False,False,False,False,0.21554728571428572,0.016473482656535192
2023-04-16,conversion_rate,0.222042,False,False,False,False,0.21628635714285713,0.016519399405208177
2023-04-17,conversion_rate,0.216237,False,False,False,False,0.21679792857142857,0.01638928385099095
2023-04-18,conversion_rate,0.219137,False,False,False,False,0.2161882857142857,0.016110041423947976
2023-04-19,conversion_rate,0.230374,False,False,False,False,0.21715207142857143,0.016552213254120766
2023-04-20,conversion_rate,0.231149,False,False,False,False,0.2180647142857143,0.016971582295248627
2023-04-21,conversion_rate,0.213956,False,False,False,False,0.21854035714285716,0.016738303445906752
2023-04-22,conversion_rate,0.219695,False,False,False,False,0.21880128571428573,0.016724828776534504
2023-04-23,conversion_rate,0.220623,False,False,False,False,0.2187751428571429,0.016721431779224347
2023-04-24,conversion_rate,0.212486,False,False,False,False,0.21767164285714286,0.016579607523456916
2023-04-25,conversion_rate,0.219404,False,False,False,False,0.21798,0.01656798004957388
2023-04-26,conversion_rate,0.219802,False,False,False,False,0.21702192857142857,0.01599720496002249
2023-04-27,conversion_rate,0.228258,False,False,False,False,0.2179285,0.01626572785266384
2023-04-28,conversion_rate,0.228708,False,False,False,False,0.22242407142857143,0.006517473300695278
2023-04-29,conversion_rate,0.217133,False,False,False,False,0.22135742857142857,0.0060211641439469775
2023-04-30,conversion_rate,0.217949,False,False,False,False,0.2210650714285714,0.006084403509912016
2023-05-01,conversion_rate,0.224491,False,False,False,False,0.22165464285714284,0.005979580312094848
2023-05-02,conversion_rate,0.215078,False,False,False,False,0.22136471428571428,0.006205189111710377
2023-05-03,conversion_rate,0.179417,True,True,True,True,0.21772492857142858,0.012383387690241077
2023-05-04,conversion_rate,0.218733,False,False,False,False,0.2168380714285714,0.01177783797231898
2023-05-05,conversion_rate,0.212089,False,False,False,False,0.2167047142857143,0.01182346246584814
2023-05-06,conversion_rate,0.212154,False,False,False,False,0.21616607142857142,0.011848501128602999
2023-05-07,conversion_rate,0.230157,False,False,False,False,0.21684707142857143,0.012386158350627292
2023-05-08,conversion_rate,0.218109,False,False,False,False,0.2172487142857143,0.012324881103677278
2023-05-09,conversion_rate,0.231565,False,False,False,False,0.21811735714285715,0.012903434960727135
2023-05-10,conversion_rate,0.215394,False,False,False,False,0.21780249999999998,0.012912942230121783
2023-05-11,conversion_rate,0.221418,False,False,False,False,0.2173139285714286,0.012612830869117688
2023-05-12,conversion_rate,0.23717,False,False,False,False,0.21791835714285715,0.013380265511951947
2023-05-13,conversion_rate,0.211289,False,False,False,False,0.21750092857142858,0.013497298034246548
2023-05-14,conversion_rate,0.204984,False,False,False,False,0.21657485714285715,0.013902871650557274
2023-05-15,conversion_rate,0.228869,False,False,False,False,0.21688757142857143,0.014141807874385967
2023-05-16,conversion_rate,0.213024,False,False,False,False,0.21674085714285712,0.014172646389095109
2023-05-17,conversion_rate,0.219078,False,False,False,False,0.2195737857142857,0.009245647285062383
2023-05-18,conversion_rate,0.214851,False,False,False,False,0.21929649999999998,0.009330624843039165
2023-05-19,conversion_rate,0.221273,False,False,False,False,0.2199525,0.009105032722874565
2023-05-20,conversion_rate,0.212152,False,False,False,False,0.21995235714285716,0.009105164507508496
2023-05-21,conversion_rate,0.217955,False,False,False,False,0.21908078571428571,0.008624526985277589
2023-05-22,conversion_rate,0.222705,False,False,False,False,0.2194090714285714,0.00867203203464397
2023-05-23,conversion_rate,0.211799,False,False,False,False,0.21799721428571428,0.008132998474198785
2023-05-24,conversion_rate,0.214144,False,False,False,False,0.21790792857142857,0.00817055013178703
2023-05-25,conversion_rate,0.216827,False,False,False,False,0.21757999999999997,0.008110747134322714
2023-05-26,conversion_rate,0.208756,False,False,False,False,0.21555042857142856,0.006149555840300012
2023-05-27,conversion_rate,0.216347,False,False,False,False,0.2159117142857143,0.006027302310558027
2023-05-28,conversion_rate,0.258396,True,True,True,True,0.21972685714285717,0.012259985047406814
2023-05-29,conversion_rate,0.248949,True,True,False,True,0.22116114285714286,0.014399648590034583
2023-05-30,conversion_rate,0.217633,False,False,False,False,0.22149035714285717,0.014251223383961177
2023-05-31,conversion_rate,0.219577,False,False,False,False,0.22152600000000003,0.014245348676781427
2023-06-01,conversion_rate,0.214868,False,False,False,False,0.22152721428571429,0.014244736637566445
2023-06-02,conversion_rate,0.225033,False,False,False,False,0.22179578571428574,0.014274988520424216
2023-06-03,conversion_rate,0.230687,False,False,False,False,0.22311971428571428,0.01417090990199821
2023-06-04,conversion_rate,0.216504,False,False,False,False,0.22301607142857144,0.014216820895654637
2023-06-05,conversion_rate,0.223698,False,False,False,False,0.223087,0.014217626606001923
2023-06-06,conversion_rate,0.218338,False,False,False,False,0.22355407142857145,0.013922620384795468
2023-06-07,conversion_rate,0.222954,False,False,False,False,0.22418335714285714,0.013661226133770842
2023-06-08,conversion_rate,0.232038,False,False,False,False,0.22526985714285713,0.013636012742604965
2023-06-09,conversion_rate,0.224193,False,False,False,False,0.2263725,0.01279621822589068
2023-06-10,conversion_rate,0.207163,False,False,False,False,0.22571650000000001,0.013562196178801906
2023-06-11,conversion_rate,0.223958,False,False,False,False,0.22325664285714283,0.009772650963921633
2023-06-12,conversion_rate,0.22989,False,False,False,False,0.22189528571428574,0.00679094020259093
2023-06-13,conversion_rate,0.219075,False,False,False,False,0.2219982857142857,0.00673199993633824
2023-06-14,conversion_rate,0.2283,False,False,False,False,0.2226213571428571,0.00689242408632226
2023-06-15,conversion_rate,0.215754,False,False,False,False,0.22268464285714287,0.00681943829862784
2023-06-16,conversion_rate,0.209888,False,False,False,False,0.22160285714285716,0.007577381553597
2023-06-17,conversion_rate,0.22219,False,False,False,False,0.22099592857142855,0.007120302818369141
2023-06-18,conversion_rate,0.208061,False,False,False,False,0.2203928571428571,0.007850166493649847
2023-06-19,conversion_rate,0.219541,False,False,False,False,0.22009592857142857,0.007793951505586193
2023-06-20,conversion_rate,0.231097,False,False,False,False,0.2210072857142857,0.008301988153250048
2023-06-21,conversion_rate,0.20723,False,False,False,False,0.21988414285714283,0.00904842826009151
2023-06-22,conversion_rate,0.212067,False,False,False,False,0.2184576428571429,0.00854519905342397
2023-06-23,conversion_rate,0.214033,False,False,False,False,0.21773192857142856,0.008451560779518216
2023-06-24,conversion_rate,0.22141,False,False,False,False,0.21874957142857143,0.007922232763308872
2023-06-25,conversion_rate,0.219254,False,False,False,False,0.2184135714285714,0.007782866840935723
2023-06-26,conversion_rate,0.232604,False,False,False,False,0.21860742857142856,0.008117326830867503
2023-06-27,conversion_rate,0.229382,False,False,False,False,0.21934364285714286,0.008615136675616999
2023-06-28,conversion_rate,0.226054,False,False,False,False,0.21918321428571427,0.008454947465410877
2023-06-29,conversion_rate,0.223547,False,False,False,False,0.21973985714285718,0.00846833456387471
2023-06-30,conversion_rate,0.225519,False,False,False,False,0.22085635714285715,0.008091554786481913
2023-07-01,conversion_rate,0.216221,False,False,False,False,0.22043,0.008172728439991572
2023-07-02,conversion_rate,0.229231,False,False,False,False,0.22194214285714287,0.007649880580839161
2023-07-03,conversion_rate,0.214577,False,False,False,False,0.2215875714285714,0.007881275264968159
2023-07-04,conversion_rate,0.292502,True,True,True,True,0.22597364285714286,0.02052501050166378
2023-07-05,conversion_rate,0.26974,True,True,False,True,0.23043864285714286,0.022806293748764778
2023-07-06,conversion_rate,0.224846,False,False,False,False,0.23135142857142857,0.022263712029683233
2023-07-07,conversion_rate,0.222057,False,False,False,False,0.23192457142857142,0.021883620304884527
2023-07-08,conversion_rate,0.226495,False,False,False,False,0.2322877857142857,0.021737390647943958
2023-07-09,conversion_rate,0.16789,True,True,False,True,0.2286189285714286,0.02763975959336699
2023-07-10,conversion_rate,0.225986,False,False,False,False,0.22814621428571427,0.02762294911336916
2023-07-11,conversion_rate,0.22298,False,False,False,False,0.22768892857142858,0.02765389135356012
2023-07-12,conversion_rate,0.223561,False,False,False,False,0.22751085714285715,0.027673248762206195
2023-07-13,conversion_rate,0.229349,False,False,False,False,0.2279252857142857,0.02765275776045209
2023-07-14,conversion_rate,0.223597,False,False,False,False,0.22778800000000002,0.027670388415722044
2023-07-15,conversion_rate,0.272725,True,True,False,True,0.231824,0.029885606867623687
2023-07-16,conversion_rate,0.223308,False,False,False,False,0.23140092857142855,0.02996695131811376
2023-07-17,conversion_rate,0.224979,False,False,False,False,0.2321439285714286,0.029644955641635017
2023-07-18,conversion_rate,0.225436,False,False,False,False,0.2273535,0.024027754419068764
2023-07-19,conversion_rate,0.225888,False,False,False,False,0.2242212142857143,0.020705822455675
2023-07-20,conversion_rate,0.232566,False,False,False,False,0.22477264285714285,0.020826189409591397
2023-07-21,conversion_rate,0.216721,False,False,False,False,0.22439150000000002,0.020928288929102663
2023-07-22,conversion_rate,0.195162,True,True,False,True,0.22215342857142859,0.02231544148622822
2023-07-23,conversion_rate,0.234725,False,False,False,False,0.22692735714285714,0.016096309384008366
2023-07-24,conversion_rate,0.21213,False,False,False,False,0.22593764285714288,0.01657743468419624
2023-07-25,conversion_rate,0.226573,False,False,False,False,0.2261942857142857,0.016555922339980756
2023-07-26,conversion_rate,0.220919,False,False,False,False,0.22600557142857144,0.016603236944432505
2023-07-27,conversion_rate,0.22261,False,False,False,False,0.22552421428571431,0.016596535148956565
2023-07-28,conversion_rate,0.185945,True,True,False,True,0.2228347857142857,0.01969443968847192
2023-07-29,conversion_rate,0.261162,True,True,False,True,0.22200885714285715,0.01756901571542333
2023-07-30,conversion_rate,0.239426,False,False,False,False,0.22316014285714286,0.018178234537520408
2023-07-31,conversion_rate,0.216203,False,False,False,False,0.2225332857142857,0.01826181185479089
2023-08-01,conversion_rate,0.216981,False,False,False,False,0.22192935714285714,0.018298202831497908
2023-08-02,conversion_rate,0.216052,False,False,False,False,0.22122678571428572,0.018323328825795886
2023-08-03,conversion_rate,0.238833,False,False,False,False,0.22167442857142855,0.018694451158295364
2023-08-04,conversion_rate,0.222467,False,False,False,False,0.2220848571428571,0.0186403325030477
2023-08-05,conversion_rate,0.225796,False,False,False,False,0.224273,0.01695901557828804
2023-08-06,conversion_rate,0.223019,False,False,False,False,0.22343685714285713,0.016690501780064333
2023-08-07,conversion_rate,0.150656,True,True,False,True,0.21904585714285713,0.025601566748502377
2023-08-08,conversion_rate,0.224367,False,False,False,False,0.21888828571428573,0.025558427691584135
2023-08-09,conversion_rate,0.181746,True,True,False,True,0.21609021428571426,0.027397148468067244
2023-08-10,conversion_rate,0.236649,False,False,False,False,0.21709299999999998,0.027906335963774922
2023-08-11,conversion_rate,0.219845,False,False,False,False,0.21951442857142858,0.02642728165162861
2023-08-12,conversion_rate,0.231129,False,False,False,False,0.21736921428571426,0.023882994665270083
2023-08-13,conversion_rate,0.220063,False,False,False,False,0.21598614285714285,0.023053684700839364
2023-08-14,conversion_rate,0.212999,False,False,False,False,0.2157572857142857,0.02306726560911196
2023-08-15,conversion_rate,0.233988,False,False,False,False,0.21697207142857144,0.023578812622496788
2023-08-16,conversion_rate,0.185647,True,True,False,True,0.2148002857142857,0.02502593375627825
2023-08-17,conversion_rate,0.234215,False,False,False,False,0.2144704285714286,0.024713282288973803
2023-08-18,conversion_rate,0.222855,False,False,False,False,0.21449814285714286,0.02472315530913401
2023-08-19,conversion_rate,0.298418,True,True,False,True,0.21968542857142856,0.03337921634954738
2023-08-20,conversion_rate,0.232009,False,False,False,False,0.22032757142857146,0.03353439330165213
2023-08-21,conversion_rate,0.22932,False,False,False,False,0.22594642857142858,0.02689574754982166
2023-08-22,conversion_rate,0.223426,False,False,False,False,0.22587921428571428,0.026901173535106897
2023-08-23,conversion_rate,0.214226,False,False,False,False,0.2281992142857143,0.024051953364391403
2023-08-24,conversion_rate,0.227211,False,False,False,False,0.22752507142857145,0.023928851457423322
2023-08-25,conversion_rate,0.178625,True,True,False,True,0.2245807857142857,0.02725173127648839
2023-08-26,conversion_rate,0.273402,True,True,False,True,0.22760028571428573,0.0302140156968165
2023-08-27,conversion_rate,0.23109,False,False,False,False,0.22838792857142856,0.030146067189510923
2023-08-28,conversion_rate,0.22876,False,False,False,False,0.2295137142857143,0.029819696094072767
2023-08-29,conversion_rate,0.23187,False,False,False,False,0.22936242857142858,0.02980061693144132
2023-08-30,conversion_rate,0.232751,False,False,False,False,0.232727,0.027014179968761164
2023-08-31,conversion_rate,0.220967,False,False,False,False,0.23178071428571426,0.0271895115734799
2023-09-01,conversion_rate,0.164155,True,True,False,True,0.22758785714285715,0.03264959907600977
2023-09-02,conversion_rate,0.222093,False,False,False,False,0.22213607142857142,0.02550283382583892
2023-09-03,conversion_rate,0.232718,False,False,False,False,0.2221867142857143,0.025524641968192187
2023-09-04,conversion_rate,0.221937,False,False,False,False,0.22165935714285712,0.025442061831684456
2023-09-05,conversion_rate,0.220745,False,False,False,False,0.22146785714285716,0.02543783106942268
2023-09-06,conversion_rate,0.212237,False,False,False,False,0.2213257857142857,0.025486895414577833
2023-09-07,conversion_rate,0.17672,True,True,False,True,0.21771928571428573,0.028035017214544076
2023-09-08,conversion_rate,0.231975,False,False,False,False,0.22153,0.02585323827358522
2023-09-09,conversion_rate,0.231495,False,False,False,False,0.21853664285714286,0.021433660269654077
2023-09-10,conversion_rate,0.232914,False,False,False,False,0.21866692857142858,0.02152120114772087
2023-09-11,conversion_rate,0.229915,False,False,False,False,0.21874942857142857,0.021565037618666662
2023-09-12,conversion_rate,0.223689,False,False,False,False,0.21816507142857144,0.021291259244705974
2023-09-13,conversion_rate,0.224223,False,False,False,False,0.21755592857142858,0.020961291759461712
2023-09-14,conversion_rate,0.222171,False,False,False,False,0.21764192857142858,0.020978825791971602
2023-09-15,conversion_rate,0.245064,False,False,False,False,0.22342114285714287,0.015553809169149927
2023-09-16,conversion_rate,0.178489,True,True,False,True,0.22030657142857143,0.0196631213998901
2023-09-17,conversion_rate,0.176198,True,True,False,True,0.21626942857142856,0.022514340150614796
2023-09-18,conversion_rate,0.228559,False,False,False,False,0.21674242857142859,0.022711267375516517
2023-09-19,conversion_rate,0.174888,True,True,False,True,0.21346692857142857,0.025254077606670564
2023-09-20,conversion_rate,0.236187,False,False,False,False,0.21517764285714283,0.0259655200057756
2023-09-21,conversion_rate,0.21986,False,False,False,False,0.21825907142857143,0.02349256564062605
2023-09-22,conversion_rate,0.228491,False,False,False,False,0.2180102142857143,0.023354141408978242
2023-09-23,conversion_rate,0.232641,False,False,False,False,0.21809207142857145,0.023406990423521262
2023-09-24,conversion_rate,0.227444,False,False,False,False,0.21770135714285715,0.023185150093597416
2023-09-25,conversion_rate,0.225178,False,False,False,False,0.217363,0.023027224225652218
2023-09-26,conversion_rate,0.224461,False,False,False,False,0.21741814285714284,0.023044456165811873
2023-09-27,conversion_rate,0.289418,True,True,False,True,0.22207492857142855,0.030048274855035174
2023-09-28,conversion_rate,0.219875,False,False,False,False,0.22191092857142855,0.030053975284130445
2023-09-29,conversion_rate,0.220738,False,False,False,False,0.22017335714285716,0.029306315251697388
2023-09-30,conversion_rate,0.235115,False,False,False,False,0.22421807142857145,0.02692127061084228
2023-10-01,conversion_rate,0.223113,False,False,False,False,0.22756914285714286,0.02313819844345695
2023-10-02,conversion_rate,0.217942,False,False,False,False,0.22681078571428573,0.023276831562004666
2023-10-03,conversion_rate,0.219872,False,False,False,False,0.23002392857142856,0.01808350840476695
2023-10-04,conversion_rate,0.231906,False,False,False,False,0.22971814285714287,0.01800731104881552
2023-10-05,conversion_rate,0.22863,False,False,False,False,0.23034457142857143,0.01778921358885469
2023-10-06,conversion_rate,0.227676,False,False,False,False,0.2302863571428571,0.017797077684086476
2023-10-07,conversion_rate,0.221453,False,False,False,False,0.22948721428571428,0.01793387578419287
2023-10-08,conversion_rate,0.227596,False,False,False,False,0.22949807142857143,0.017932589638653806
2023-10-09,conversion_rate,0.218381,False,False,False,False,0.22901257142857143,0.018149247370342722
2023-10-10,conversion_rate,0.221174,False,False,False,False,0.22877778571428573,0.018233721929767657
2023-10-11,conversion_rate,0.230309,False,False,False,False,0.22455571428571428,0.005530604424175092
2023-10-12,conversion_rate,0.229508,False,False,False,False,0.22524378571428572,0.0055026319881221475
2023-10-13,conversion_rate,0.283128,True,True,True,True,0.22970021428571427,0.016280876097096643
2023-10-14,conversion_rate,0.216369,False,False,False,False,0.2283612142857143,0.016569598018329013
2023-10-15,conversion_rate,0.223521,False,False,False,False,0.22839035714285716,0.01656001335751577
2023-10-16,conversion_rate,0.235573,False,False,False,False,0.2296497142857143,0.016373667924344415
2023-10-17,conversion_rate,0.208184,False,False,False,False,0.22881485714285715,0.01718827059747053
2023-10-18,conversion_rate,0.224563,False,False,False,False,0.22829035714285714,0.017198721153742148
2023-10-19,conversion_rate,0.212082,False,False,False,False,0.22710835714285715,0.01773389598657439
2023-10-20,conversion_rate,0.217574,False,False,False,False,0.2263867857142857,0.01791363104187416
2023-10-21,conversion_rate,0.21953,False,False,False,False,0.22624942857142855,0.01796168022256226
2023-10-22,conversion_rate,0.219043,False,False,False,False,0.22563850000000002,0.0180575565250077
2023-10-23,conversion_rate,0.21813,False,False,False,False,0.22562057142857142,0.018065439349186137
2023-10-24,conversion_rate,0.222126,False,False,False,False,0.22568857142857143,0.018049198962469638
2023-10-25,conversion_rate,0.217998,False,False,False,False,0.2248092142857143,0.018106580496003208
2023-10-26,conversion_rate,0.210988,False,False,False,False,0.22348635714285714,0.018410856761943296
2023-10-27,conversion_rate,0.227752,False,False,False,False,0.21953092857142859,0.007062957219664824
2023-10-28,conversion_rate,0.227498,False,False,False,False,0.22032585714285716,0.007301946082614473
2023-10-29,conversion_rate,0.228128,False,False,False,False,0.22065492857142857,0.007556392499724479
2023-10-30,conversion_rate,0.210203,False,False,False,False,0.2188427857142857,0.006696771727178422
2023-10-31,conversion_rate,0.223959,False,False,False,False,0.21996957142857143,0.006062486551475017
2023-11-01,conversion_rate,0.226748,False,False,False,False,0.22012564285714284,0.0062160162435085965
2023-11-02,conversion_rate,0.213908,False,False,False,False,0.22025607142857143,0.006051229264363762
2023-11-03,conversion_rate,0.177621,True,True,True,True,0.21740228571428571,0.012927503152513392
2023-11-04,conversion_rate,0.220708,False,False,False,False,0.21748642857142858,0.012946237497460848
2023-11-05,conversion_rate,0.23537,False,False,False,False,0.21865264285714286,0.013804191897375324
2023-11-06,conversion_rate,0.235965,False,False,False,False,0.21992657142857144,0.014554799154147908
2023-11-07,conversion_rate,0.20903,False,False,False,False,0.21899114285714286,0.014820971964686533
2023-11-08,conversion_rate,0.18187,True,True,False,True,0.21641057142857142,0.01784410645957542
2023-11-09,conversion_rate,0.286726,True,True,False,True,0.22182042857142856,0.025786820147910085
2023-11-10,conversion_rate,0.22883,False,False,False,False,0.22189742857142858,0.025807495571022653
2023-11-11,conversion_rate,0.284297,True,True,False,True,0.2259545,0.03074742174744717
2023-11-12,conversion_rate,0.214,False,False,False,False,0.22494535714285716,0.030902053791859008
2023-11-13,conversion_rate,0.225169,False,False,False,False,0.22601435714285714,0.030610322968685832
2023-11-14,conversion_rate,0.220668,False,False,False,False,0.2257792857142857,0.03063994346356651
2023-11-15,conversion_rate,0.225641,False,False,False,False,0.2257002142857143,0.03063867960646273
2023-11-16,conversion_rate,0.223226,False,False,False,False,0.22636578571428573,0.030463517358861054
2023-11-17,conversion_rate,0.230484,False,False,False,False,0.23014171428571428,0.027040760132205514
2023-11-18,conversion_rate,0.222097,False,False,False,False,0.23024092857142858,0.027006010534592263
2023-11-19,conversion_rate,0.220295,False,False,False,False,0.22916414285714287,0.0270861892735512
2023-11-20,conversion_rate,0.229801,False,False,False,False,0.22872385714285715,0.027017147617071646
2023-11-21,conversion_rate,0.225964,False,False,False,False,0.22993342857142857,0.02644053905162794
2023-11-22,conversion_rate,0.227133,False,False,False,False,0.2331665,0.022599758493433975
2023-11-23,conversion_rate,0.216698,False,False,False,False,0.22816449999999996,0.016852412489930704
2023-11-24,conversion_rate,0.213883,False,False,False,False,0.22709685714285713,0.01727517066978885
2023-11-25,conversion_rate,0.217509,False,False,False,False,0.22232628571428573,0.005414109194838043
2023-11-26,conversion_rate,0.217158,False,False,False,False,0.22255185714285713,0.005097022567631862
2023-11-27,conversion_rate,0.227761,False,False,False,False,0.22273700000000002,0.005244346039747836
2023-11-28,conversion_rate,0.229239,False,False,False,False,0.22334921428571428,0.0054792553140647375
2023-11-29,conversion_rate,0.220813,False,False,False,False,0.22300435714285713,0.005475850725716787
2023-11-30,conversion_rate,0.290865,True,True,True,True,0.2278357142857143,0.01894939372453576
2023-12-01,conversion_rate,0.232364,False,False,False,False,0.22796999999999998,0.018976246872988822
2023-12-02,conversion_rate,0.166051,True,True,False,True,0.2239667142857143,0.02520130578249588
2023-12-03,conversion_rate,0.216072,False,False,False,False,0.22366507142857142,0.02527380334370051
2023-12-04,conversion_rate,0.234125,False,False,False,False,0.22397392857142856,0.025380749441757583
2023-12-05,conversion_rate,0.221927,False,False,False,False,0.22368557142857143,0.025379333178226566
2023-12-06,conversion_rate,0.223409,False,False,False,False,0.22341957142857144,0.025359929518569573
2023-12-07,conversion_rate,0.280849,True,True,False,True,0.22800178571428573,0.029508335774511597
2023-12-08,conversion_rate,0.215954,False,False,False,False,0.2281497142857143,0.029437217564030914
2023-12-09,conversion_rate,0.211699,False,False,False,False,0.22773471428571426,0.029639029833153308
2023-12-10,conversion_rate,0.227549,False,False,False,False,0.22847692857142857,0.02948349266823021
2023-12-11,conversion_rate,0.217018,False,False,False,False,0.22770957142857143,0.02964293039524913
2023-12-12,conversion_rate,0.245934,False,False,False,False,0.22890207142857144,0.030042309970758286
2023-12-13,conversion_rate,0.214937,False,False,False,False,0.22848235714285714,0.0302046213366996
2023-12-14,conversion_rate,0.21375,False,False,False,False,0.22297414285714284,0.02443331776916092
2023-12-15,conversion_rate,0.227106,False,False,False,False,0.22259857142857145,0.024318020060201347
2023-12-16,conversion_rate,0.234851,False,False,False,False,0.22751285714285713,0.01819160966725366
2023-12-17,conversion_rate,0.223969,False,False,False,False,0.22807692857142858,0.017930124734493843
2023-12-18,conversion_rate,0.166136,True,True,False,True,0.2232205714285714,0.024257088492024213
2023-12-19,conversion_rate,0.209869,False,False,False,False,0.22235928571428573,0.024519204713004974
2023-12-20,conversion_rate,0.218722,False,False,False,False,0.2220245,0.02453576197418474
2023-12-21,conversion_rate,0.215861,False,False,False,False,0.2173825,0.017763488135238904
2023-12-22,conversion_rate,0.20981,False,False,False,False,0.21694364285714288,0.01787702747020135
2023-12-23,conversion_rate,0.225012,False,False,False,False,0.21789457142857144,0.017930588049537077
2023-12-24,conversion_rate,0.159833,True,True,False,True,0.21305771428571427,0.023419228307685048
2023-12-25,conversion_rate,0.271618,True,True,False,True,0.21695771428571428,0.028189832467176473
2023-12-26,conversion_rate,0.260341,True,True,False,True,0.2179867857142857,0.02955870953563589
2023-12-27,conversion_rate,0.218355,False,False,False,False,0.21823092857142856,0.02954569463745766
2023-12-28,conversion_rate,0.277367,True,True,False,True,0.22277499999999997,0.03343908464196219
2023-12-29,conversion_rate,0.227112,False,False,False,False,0.22277542857142854,0.03343914445840225
2023-12-30,conversion_rate,0.231639,False,False,False,False,0.22254599999999997,0.033360847060819494
2023-12-31,conversion_rate,0.230695,False,False,False,False,0.22302642857142857,0.03343127212360011
2023-01-01,open_rate,0.203773,False,False,False,False,0.203773,
2023-01-02,open_rate,0.217317,False,False,False,False,0.210545,0.0095770542443906
2023-01-03,open_rate,0.218858,False,False,False,False,0.21331599999999998,0.008300319692638346
2023-01-04,open_rate,0.197287,False,False,False,False,0.20930875,0.010495828453088716
2023-01-05,open_rate,0.202269,False,False,False,False,0.2079008,0.009619429671243507
2023-01-06,open_rate,0.213108,False,False,False,False,0.20876866666666669,0.00886261231616653
2023-01-07,open_rate,0.209892,False,False,False,False,0.20892914285714287,0.008101554324707726
2023-01-08,open_rate,0.212251,False,False,False,False,0.209344375,0.007591974031596036
2023-01-09,open_rate,0.206092,False,False,False,False,0.208983,0.007183915227784915
2023-01-10,open_rate,0.219196,False,False,False,False,0.21000429999999998,0.007503657893913403
2023-01-11,open_rate,0.218545,False,False,False,False,0.2107807272727273,0.007570047953492889
2023-01-12,open_rate,0.213316,False,False,False,False,0.21099199999999999,0.0072547679243628255
2023-01-13,open_rate,0.221383,False,False,False,False,0.21179130769230767,0.007520059334701821
2023-01-14,open_rate,0.216541,False,False,False,False,0.21213057142857145,0.007335706601320656
2023-01-15,open_rate,0.244772,True,True,False,True,0.21505907142857142,0.01100738205069172
2023-01-16,open_rate,0.216009,False,False,False,False,0.21496564285714287,0.01099228363344133
2023-01-17,open_rate,0.206153,False,False,False,False,0.21405814285714286,0.01116924463982126
2023-01-18,open_rate,0.220032,False,False,False,False,0.2156827857142857,0.010149799430974542
2023-01-19,open_rate,0.213167,False,False,False,False,0.2164612142857143,0.009434616238402823
2023-01-20,open_rate,0.212251,False,False,False,False,0.21639999999999998,0.009460790274357887
2023-01-21,open_rate,0.208623,False,False,False,False,0.21630935714285715,0.00953373695081068
2023-01-22,open_rate,0.222991,False,False,False,False,0.21707650000000003,0.00961382337094314
2023-01-23,open_rate,0.212751,False,False,False,False,0.21755214285714283,0.009183665271784248
2023-01-24,open_rate,0.210784,False,False,False,False,0.2169512857142857,0.009341665486728492
2023-01-25,open_rate,0.211439,False,False,False,False,0.21644371428571427,0.009440933171189032
2023-01-26,open_rate,0.218153,False,False,False,False,0.21678921428571427,0.009406109824336135
2023-01-27,open_rate,0.21698,False,False,False,False,0.21647471428571427,0.009313854505962718
2023-01-28,open_rate,0.21741,False,False,False,False,0.2165367857142857,0.009317225323012235
2023-01-29,open_rate,0.217619,False,False,False,False,0.2145972857142857,0.004639459176515057
2023-01-30,open_rate,0.23052,False,False,False,False,0.21563378571428574,0.006302129068553233
2023-01-31,open_rate,0.211476,False,False,False,False,0.21601399999999998,0.005828951640798677
2023-02-01,open_rate,0.210746,False,False,False,False,0.21535071428571428,0.005864790853751062
2023-02-02,open_rate,0.154399,True,True,True,True,0.21115299999999998,0.01734446625561905
2023-02-03,open_rate,0.219325,False,False,False,False,0.21165828571428572,0.017481414779168158
2023-02-04,open_rate,0.259156,True,True,False,True,0.2152677857142857,0.0215499763597178
2023-02-05,open_rate,0.213956,False,False,False,False,0.21462242857142858,0.021435881484860083
2023-02-06,open_rate,0.208557,False,False,False,False,0.21432285714285712,0.021493276178868106
2023-02-07,open_rate,0.208718,False,False,False,False,0.21417528571428573,0.021526509601056922
2023-02-08,open_rate,0.219822,False,False,False,False,0.21477407142857144,0.021561105482091832
2023-02-09,open_rate,0.220554,False,False,False,False,0.21494557142857146,0.021599564008115062
2023-02-10,open_rate,0.219087,False,False,False,False,0.21509607142857146,0.021622158465028726
2023-02-11,open_rate,0.170705,True,True,False,True,0.21176,0.024631331389106833
2023-02-12,open_rate,0.258204,True,True,False,True,0.2146589285714286,0.027585108241346697
2023-02-13,open_rate,0.184616,True,True,False,True,0.2113800714285714,0.02827432631167576
2023-02-14,open_rate,0.216753,False,False,False,False,0.211757,0.028310854096835494
2023-02-15,open_rate,0.221664,False,False,False,False,0.21253685714285717,0.028430982590387986
2023-02-16,open_rate,0.216818,False,False,False,False,0.21699535714285714,0.022985267293528393
2023-02-17,open_rate,0.220241,False,False,False,False,0.2170607857142857,0.02299371100031343
2023-02-18,open_rate,0.266587,True,True,False,True,0.21759157142857144,0.024099368423624375
2023-02-19,open_rate,0.217325,False,False,False,False,0.21783221428571428,0.024077083286102894
2023-02-20,open_rate,0.219889,False,False,False,False,0.21864164285714288,0.02393132086298736
2023-02-21,open_rate,0.20422,False,False,False,False,0.21832035714285714,0.02410436521145608
2023-02-22,open_rate,0.212743,False,False,False,False,0.2178147142857143,0.024144657037335416
2023-02-23,open_rate,0.2116,False,False,False,False,0.21717514285714284,0.024185072143646947
2023-02-24,open_rate,0.146948,True,True,False,True,0.21202235714285714,0.030584573634450073
2023-02-25,open_rate,0.213029,False,False,False,False,0.2150455,0.028183939381116723
2023-02-26,open_rate,0.226282,False,False,False,False,0.21276535714285713,0.025596219368093413
2023-02-27,open_rate,0.20855,False,False,False,False,0.2144749285714286,0.02433994792189703
2023-02-28,open_rate,0.222277,False,False,False,False,0.21486950000000002,0.02442434620729584
2023-03-01,open_rate,0.20236,False,False,False,False,0.21349064285714284,0.024555804329063482
2023-03-02,open_rate,0.212435,False,False,False,False,0.21317757142857144,0.024538053219483363
2023-03-03,open_rate,0.216128,False,False,False,False,0.21288378571428573,0.02447151152220309
2023-03-04,open_rate,0.219262,False,False,False,False,0.20950342857142856,0.019178883382569407
2023-03-05,open_rate,0.220155,False,False,False,False,0.20970557142857144,0.019282298202134597
2023-03-06,open_rate,0.220722,False,False,False,False,0.20976507142857143,0.019317391982213973
2023-03-07,open_rate,0.212106,False,False,False,False,0.21032835714285714,0.019258147700717133
2023-03-08,open_rate,0.2112,False,False,False,False,0.21021814285714285,0.019247678157106627
2023-03-09,open_rate,0.221047,False,False,False,False,0.21089292857142858,0.019464228343155678
2023-03-10,open_rate,0.271874,True,True,True,True,0.2198162142857143,0.016267280034467365
2023-03-11,open_rate,0.204924,False,False,False,False,0.21923728571428572,0.016666725830590968
2023-03-12,open_rate,0.131226,True,True,False,True,0.21244757142857143,0.02863845193687429
2023-03-13,open_rate,0.207465,False,False,False,False,0.21237007142857142,0.02865127591323017
2023-03-14,open_rate,0.218021,False,False,False,False,0.21206607142857142,0.02856050915960784
2023-03-15,open_rate,0.21529,False,False,False,False,0.2129896428571429,0.028431265291812214
2023-03-16,open_rate,0.255134,True,True,False,True,0.21603957142857144,0.0305764984027182
2023-03-17,open_rate,0.210869,False,False,False,False,0.21566392857142858,0.030607616941550012
2023-03-18,open_rate,0.215186,False,False,False,False,0.21537278571428572,0.030590139678758156
2023-03-19,open_rate,0.218611,False,False,False,False,0.2152625,0.030574351454848808
2023-03-20,open_rate,0.211518,False,False,False,False,0.21460507142857144,0.030546870338154838
2023-03-21,open_rate,0.217183,False,False,False,False,0.2149677142857143,0.030545056199322667
2023-03-22,open_rate,0.208709,False,False,False,False,0.21478978571428572,0.03057593142220143
2023-03-23,open_rate,0.210866,False,False,False,False,0.2140625714285714,0.030536709516742137
2023-03-24,open_rate,0.21064,False,False,False,False,0.20968871428571428,0.025606642946489684
2023-03-25,open_rate,0.204448,False,False,False,False,0.20965471428571428,0.02561377111401829
2023-03-26,open_rate,0.216981,False,False,False,False,0.21578007142857142,0.012109054955593451
2023-03-27,open_rate,0.20972,False,False,False,False,0.21594114285714286,0.012004488236662808
2023-03-28,open_rate,0.213245,False,False,False,False,0.2156,0.012008697726103482
2023-03-29,open_rate,0.216667,False,False,False,False,0.21569835714285718,0.012011602164363625
2023-03-30,open_rate,0.21632,False,False,False,False,0.21292592857142859,0.00404996766301014
2023-03-31,open_rate,0.21787,False,False,False,False,0.21342599999999998,0.004205682803796924
2023-04-01,open_rate,0.21205,False,False,False,False,0.21320199999999997,0.004188209586262467
2023-04-02,open_rate,0.209523,False,False,False,False,0.21255285714285715,0.003984707727089766
2023-04-03,open_rate,0.212008,False,False,False,False,0.21258785714285716,0.003977063409431208
2023-04-04,open_rate,0.19986,False,False,False,False,0.2113505,0.0050005361674062025
2023-04-05,open_rate,0.201571,False,False,False,False,0.21084064285714282,0.005616537690772414
2023-04-06,open_rate,0.202414,False,False,False,False,0.21023692857142856,0.006051042611551509
2023-04-07,open_rate,0.204765,False,False,False,False,0.2098172857142857,0.006222234639748552
2023-04-08,open_rate,0.215153,False,False,False,False,0.21058192857142857,0.006169189991267134
2023-04-09,open_rate,0.205275,False,False,False,False,0.20974578571428573,0.006026819893399122
2023-04-10,open_rate,0.209142,False,False,False,False,0.20970450000000002,0.006028989477133252
2023-04-11,open_rate,0.221636,False,False,False,False,0.21030385714285713,0.006778527351493388
2023-04-12,open_rate,0.209134,False,False,False,False,0.2097657857142857,0.0065289610220517795
2023-04-13,open_rate,0.217253,False,False,False,False,0.20983242857142856,0.0066053229783524245
2023-04-14,open_rate,0.204636,False,False,False,False,0.20888714285714283,0.006306798503411708
2023-04-15,open_rate,0.262918,True,True,True,True,0.21252057142857142,0.01579091464547441
2023-04-16,open_rate,0.204351,False,False,False,False,0.2121511428571429,0.015926355968631345
2023-04-17,open_rate,0.208855,False,False,False,False,0.21192592857142856,0.015950810336127746
2023-04-18,open_rate,0.217624,False,False,False,False,0.21319478571428574,0.015620277655261815
2023-04-19,open_rate,0.198291,False,False,False,False,0.21296050000000002,0.015831205647998822
2023-04-20,open_rate,0.214432,False,False,False,False,0.21381892857142856,0.01553846838043857
2023-04-21,open_rate,0.212886,False,False,False,False,0.214399,0.015324585495711909
2023-04-22,open_rate,0.206578,False,False,False,False,0.21378650000000002,0.015462871923267804
2023-04-23,open_rate,0.200122,False,False,False,False,0.21341842857142854,0.01573990900528032
2023-04-24,open_rate,0.211445,False,False,False,False,0.21358292857142855,0.015703770485333866
2023-04-25,open_rate,0.206871,False,False,False,False,0.2125282857142857,0.015616893025126375
2023-04-26,open_rate,0.212528,False,False,False,False,0.21277071428571429,0.015586462427023332
2023-04-27,open_rate,0.210891,False,False,False,False,0.2123162857142857,0.01553839638507717
2023-04-28,open_rate,0.222687,False,False,False,False,0.21360564285714287,0.015600871891843527
2023-04-29,open_rate,0.208827,False,False,False,False,0.209742,0.006481762604534166
2023-04-30,open_rate,0.202898,False,False,False,False,0.20963821428571427,0.006585525260034201
2023-05-01,open_rate,0.211874,False,False,False,False,0.20985385714285715,0.006607298678293189
2023-05-02,open_rate,0.212138,False,False,False,False,0.20946199999999998,0.006264832283346507
2023-05-03,open_rate,0.220643,False,False,False,False,0.21105857142857146,0.006043194273971853
2023-05-04,open_rate,0.216676,False,False,False,False,0.21121885714285712,0.006168021523672131
2023-05-05,open_rate,0.213057,False,False,False,False,0.21123107142857142,0.006171745040153434
2023-05-06,open_rate,0.221326,False,False,False,False,0.2122845,0.006562693065291865
2023-05-07,open_rate,0.201409,False,False,False,False,0.2123764285714286,0.006385849774357246
2023-05-08,open_rate,0.205504,False,False,False,False,0.21195207142857142,0.006644660174956916
2023-05-09,open_rate,0.203334,False,False,False,False,0.2116994285714286,0.0069144769279253756
2023-05-10,open_rate,0.207344,False,False,False,False,0.21132914285714285,0.007004907904266258
2023-05-11,open_rate,0.145536,True,True,True,True,0.20666092857142856,0.018935818897058476
2023-05-12,open_rate,0.21501,False,False,False,False,0.20611257142857142,0.018543110633225567
2023-05-13,open_rate,0.281455,True,True,False,True,0.2113002857142857,0.027403467611651928
2023-05-14,open_rate,0.199208,False,False,False,False,0.2110367142857143,0.027508044799318575
2023-05-15,open_rate,0.202623,False,False,False,False,0.2103759285714286,0.027597351440545273
2023-05-16,open_rate,0.212597,False,False,False,False,0.2104087142857143,0.027599878342620853
2023-05-17,open_rate,0.21654,False,False,False,False,0.21011564285714285,0.027504464374987277
2023-05-18,open_rate,0.225242,False,False,False,False,0.2107275,0.027755761028464523
2023-05-19,open_rate,0.184151,True,True,False,True,0.20866278571428573,0.028630498349134257
2023-05-20,open_rate,0.21341,False,False,False,False,0.20809735714285718,0.028438697605165066
2023-05-21,open_rate,0.202904,False,False,False,False,0.20820414285714284,0.028414447803503436
2023-05-22,open_rate,0.194361,False,False,False,False,0.2074082142857143,0.028650981688587557
2023-05-23,open_rate,0.21239,False,False,False,False,0.20805507142857144,0.028654150996010982
2023-05-24,open_rate,0.204319,False,False,False,False,0.20783900000000002,0.028671325520054393
2023-05-25,open_rate,0.207338,False,False,False,False,0.2122534285714286,0.022416255210189567
2023-05-26,open_rate,0.205903,False,False,False,False,0.21160292857142857,0.02246220008220402
2023-05-27,open_rate,0.209481,False,False,False,False,0.2064619285714286,0.010054956630471281
2023-05-28,open_rate,0.21858,False,False,False,False,0.20784564285714285,0.01030963272200501
2023-05-29,open_rate,0.211813,False,False,False,False,0.20850207142857144,0.010243880705942524
2023-05-30,open_rate,0.2095,False,False,False,False,0.20828085714285713,0.010181901423280704
2023-05-31,open_rate,0.202979,False,False,False,False,0.20731221428571428,0.009978765910892718
2023-06-01,open_rate,0.198247,False,False,False,False,0.20538399999999998,0.008784311837676138
2023-06-02,open_rate,0.207224,False,False,False,False,0.2070320714285714,0.00631026701207922
2023-06-03,open_rate,0.210534,False,False,False,False,0.20682664285714283,0.00613092931350963
2023-06-04,open_rate,0.152693,True,True,True,True,0.20324014285714287,0.015747112643065865
2023-06-05,open_rate,0.212057,False,False,False,False,0.20450414285714283,0.015689683733916632
2023-06-06,open_rate,0.218526,False,False,False,False,0.20494242857142855,0.01600936432079808
2023-06-07,open_rate,0.207489,False,False,False,False,0.20516885714285713,0.016022280836659613
2023-06-08,open_rate,0.202428,False,False,False,False,0.20481814285714287,0.016024885435122142
2023-06-09,open_rate,0.20416,False,False,False,False,0.20469364285714287,0.016022579320864826
2023-06-10,open_rate,0.206046,False,False,False,False,0.20444828571428572,0.01596984394908855
2023-06-11,open_rate,0.227537,False,False,False,False,0.20508807142857144,0.016740369729692704
2023-06-12,open_rate,0.205504,False,False,False,False,0.20463742857142855,0.01662996588513211
2023-06-13,open_rate,0.218047,False,False,False,False,0.20524792857142857,0.016975500470539102
2023-06-14,open_rate,0.205081,False,False,False,False,0.20539807142857144,0.016963180123950254
2023-06-15,open_rate,0.218938,False,False,False,False,0.20687600000000003,0.017192026913212248
2023-06-16,open_rate,0.214938,False,False,False,False,0.207427,0.0173271232198805
2023-06-17,open_rate,0.259426,True,True,False,True,0.2109192857142857,0.022233857250143974
2023-06-18,open_rate,0.21195,False,False,False,False,0.21515192857142856,0.014640369932612243
2023-06-19,open_rate,0.207449,False,False,False,False,0.21482278571428573,0.014766556414247877
2023-06-20,open_rate,0.215812,False,False,False,False,0.2146289285714286,0.014731974824349755
2023-06-21,open_rate,0.209162,False,False,False,False,0.21474842857142856,0.014676283519884871
2023-06-22,open_rate,0.203492,False,False,False,False,0.21482442857142856,0.014610181469489997
2023-06-23,open_rate,0.20321,False,False,False,False,0.21475657142857144,0.014665623549985539
2023-06-24,open_rate,0.280088,True,True,False,True,0.2200452857142857,0.022526533423186418
2023-06-25,open_rate,0.224861,False,False,False,False,0.21985414285714283,0.02246935524684213
2023-06-26,open_rate,0.214331,False,False,False,False,0.22048464285714284,0.022157388264612592
2023-06-27,open_rate,0.212356,False,False,False,False,0.22007814285714286,0.022257526733348316
2023-06-28,open_rate,0.215504,False,False,False,False,0.22082264285714284,0.02188855692824677
2023-06-29,open_rate,0.22327,False,False,False,False,0.22113207142857144,0.021890484850603614
2023-06-30,open_rate,0.290174,True,True,False,True,0.22650607142857143,0.02849239624197816
2023-07-01,open_rate,0.210625,False,False,False,False,0.22302028571428573,0.02710661751570745
2023-07-02,open_rate,0.22212,False,False,False,False,0.2237467142857143,0.026922773861057243
2023-07-03,open_rate,0.217154,False,False,False,False,0.22443992857142855,0.026593789799830774
2023-07-04,open_rate,0.225572,False,False,False,False,0.22513707142857142,0.026477888956823785
2023-07-05,open_rate,0.215544,False,False,False,False,0.2255929285714286,0.026235525942051263
2023-07-06,open_rate,0.205101,False,False,False,False,0.22570785714285715,0.026134592242281693
2023-07-07,open_rate,0.171005,True,True,False,True,0.2234075,0.02947148015585447
2023-07-08,open_rate,0.226896,False,False,False,False,0.21960807142857144,0.024633899720832766
2023-07-09,open_rate,0.227555,False,False,False,False,0.2198005,0.024688551089211697
2023-07-10,open_rate,0.213393,False,False,False,False,0.21973350000000003,0.02470580279626009
2023-07-11,open_rate,0.211977,False,False,False,False,0.21970642857142855,0.02471471458219013
2023-07-12,open_rate,0.225922,False,False,False,False,0.22045057142857144,0.024735279944970195
2023-07-13,open_rate,0.206768,False,False,False,False,0.21927185714285713,0.02498254067530777
2023-07-14,open_rate,0.208468,False,False,False,False,0.2134357142857143,0.014481863938832518
2023-07-15,open_rate,0.22011,False,False,False,False,0.2141132142857143,0.014561902000550167
2023-07-16,open_rate,0.21243,False,False,False,False,0.21342107142857142,0.014381223326932983
2023-07-17,open_rate,0.215455,False,False,False,False,0.2132997142857143,0.014354443216855698
2023-07-18,open_rate,0.214369,False,False,False,False,0.2124995,0.013923472421390836
2023-07-19,open_rate,0.218226,False,False,False,False,0.21269107142857144,0.01398688980363831
2023-07-20,open_rate,0.226348,False,False,False,False,0.21420871428571428,0.014250201830843688
2023-07-21,open_rate,0.216567,False,False,False,False,0.21746314285714283,0.006964799338399965
2023-07-22,open_rate,0.22081,False,False,False,False,0.21702842857142857,0.006505539505970048
2023-07-23,open_rate,0.200695,False,False,False,False,0.21510985714285716,0.00709618494314046
2023-07-24,open_rate,0.215795,False,False,False,False,0.21528142857142857,0.007080502141192332
2023-07-25,open_rate,0.209922,False,False,False,False,0.21513464285714287,0.007174946899906934
2023-07-26,open_rate,0.207189,False,False,False,False,0.21379657142857145,0.006742165216174863
2023-07-27,open_rate,0.209825,False,False,False,False,0.2140149285714286,0.006543601331004307
2023-07-28,open_rate,0.213984,False,False,False,False,0.21440892857142857,0.006347031861905569
2023-07-29,open_rate,0.272549,True,True,True,True,0.21815457142857145,0.016813571668855404
2023-07-30,open_rate,0.20669,False,False,False,False,0.21774457142857143,0.01703246397873232
2023-07-31,open_rate,0.216937,False,False,False,False,0.21785042857142858,0.017021741602633204
2023-08-01,open_rate,0.213143,False,False,False,False,0.21776285714285715,0.017044169112844825
2023-08-02,open_rate,0.21438,False,False,False,False,0.21748814285714285,0.017067109123228123
2023-08-03,open_rate,0.291864,True,True,False,True,0.22216785714285717,0.02621420002111936
2023-08-04,open_rate,0.220991,False,False,False,False,0.22248385714285715,0.02616811489597202
2023-08-05,open_rate,0.22704,False,False,False,False,0.22292885714285715,0.02619042304958981
2023-08-06,open_rate,0.215901,False,False,False,False,0.22401500000000002,0.025503737068546254
2023-08-07,open_rate,0.211888,False,False,False,False,0.22373592857142857,0.02562170542412548
2023-08-08,open_rate,0.215473,False,False,False,False,0.22413242857142857,0.0254337505166002
2023-08-09,open_rate,0.219011,False,False,False,False,0.22497685714285717,0.025020837583155348
2023-08-10,open_rate,0.218554,False,False,False,False,0.22560035714285712,0.024721186586554752
2023-08-11,open_rate,0.20913,False,False,False,False,0.22525364285714283,0.024929796539041864
2023-08-12,open_rate,0.217972,False,False,False,False,0.2213552857142857,0.02090793500243234
2023-08-13,open_rate,0.219032,False,False,False,False,0.22223685714285715,0.020498197661322298
2023-08-14,open_rate,0.236224,False,True,False,True,0.2236145,0.020761040579930962
2023-08-15,open_rate,0.231439,False,False,False,False,0.22492135714285716,0.02062658983562854
2023-08-16,open_rate,0.210979,False,False,False,False,0.22467842857142856,0.020779749053472147
2023-08-17,open_rate,0.215235,False,False,False,False,0.21920492857142856,0.007692264460675319
2023-08-18,open_rate,0.206424,False,False,False,False,0.21816442857142856,0.008386010527743815
2023-08-19,open_rate,0.212974,False,False,False,False,0.2171597142857143,0.008077793457551304
2023-08-20,open_rate,0.219773,False,False,False,False,0.2174362857142857,0.008097643193961118
2023-08-21,open_rate,0.226448,False,False,False,False,0.21847628571428573,0.008263538303699261
2023-08-22,open_rate,0.211931,False,False,False,False,0.2182232857142857,0.008415387750366142
2023-08-23,open_rate,0.212484,False,False,False,False,0.21775707142857142,0.008548142798421147
2023-08-24,open_rate,0.201273,False,False,False,False,0.2165227142857143,0.009606401226654758
2023-08-25,open_rate,0.216142,False,False,False,False,0.21702357142857145,0.009371228420537598
2023-08-26,open_rate,0.209374,False,False,False,False,0.21640942857142859,0.009583619893533853
2023-08-27,open_rate,0.213349,False,False,False,False,0.21600350000000001,0.00958434807180645
2023-08-28,open_rate,0.156465,True,True,True,True,0.2103064285714286,0.01726657087114733
2023-08-29,open_rate,0.216558,False,False,False,False,0.20924349999999997,0.0162963592807625
2023-08-30,open_rate,0.204049,False,False,False,False,0.2087485,0.016344765700605626
2023-08-31,open_rate,0.206193,False,False,False,False,0.20810264285714286,0.01624709160532647
2023-09-01,open_rate,0.233127,False,False,False,False,0.21001,0.017550043313556064
2023-09-02,open_rate,0.20746,False,False,False,False,0.20961614285714286,0.01754027834994098
2023-09-03,open_rate,0.208844,False,False,False,False,0.20883549999999998,0.01729495380272706
2023-09-04,open_rate,0.230799,False,False,False,False,0.2091462857142857,0.017670800554015143
2023-09-05,open_rate,0.174998,True,True,False,True,0.20650821428571428,0.01984606605148189
2023-09-06,open_rate,0.208131,False,False,False,False,0.20619728571428572,0.019779228298038725
2023-09-07,open_rate,0.2141,False,False,False,False,0.2071135,0.01983059865557425
2023-09-08,open_rate,0.219364,False,False,False,False,0.20734364285714285,0.01996170136346543
2023-09-09,open_rate,0.229706,False,False,False,False,0.20879592857142856,0.020841025685169424
2023-09-10,open_rate,0.145459,True,True,False,True,0.20394664285714287,0.026758387075132894
2023-09-11,open_rate,0.214771,False,False,False,False,0.20811135714285717,0.02308509191467066
2023-09-12,open_rate,0.188503,True,True,False,True,0.20610742857142858,0.023509246579277616
2023-09-13,open_rate,0.219732,False,False,False,False,0.20722764285714285,0.02377575408367218
2023-09-14,open_rate,0.213578,False,False,False,False,0.20775514285714286,0.02383288812304786
2023-09-15,open_rate,0.21532,False,False,False,False,0.20648321428571428,0.022828679547306892
2023-09-16,open_rate,0.205935,False,False,False,False,0.2063742857142857,0.022827298503962586
2023-09-17,open_rate,0.214382,False,False,False,False,0.20676985714285714,0.02292117859386532
2023-09-18,open_rate,0.214091,False,False,False,False,0.20557642857142855,0.0219898668751499
2023-09-19,open_rate,0.217748,False,False,False,False,0.20863,0.020321969669074166
2023-09-20,open_rate,0.261951,True,True,False,True,0.2124742857142857,0.02481431418301999
2023-09-21,open_rate,0.219376,False,False,False,False,0.21285114285714285,0.02488087752551266
2023-09-22,open_rate,0.223349,False,False,False,False,0.21313578571428574,0.024983699698860808
2023-09-23,open_rate,0.216832,False,False,False,False,0.21221621428571427,0.024560223774909445
2023-09-24,open_rate,0.148938,True,True,False,True,0.21246471428571428,0.02383985335986321
2023-09-25,open_rate,0.215889,False,False,False,False,0.21254457142857142,0.023850043388814884
2023-09-26,open_rate,0.215402,False,False,False,False,0.21446592857142857,0.022825769109846985
2023-09-27,open_rate,0.269423,True,True,False,True,0.21801528571428572,0.027159616014699746
2023-09-28,open_rate,0.217594,False,False,False,False,0.21830214285714286,0.02713033727102487
2023-09-29,open_rate,0.2144,False,False,False,False,0.21823642857142858,0.027139228903830453
2023-09-30,open_rate,0.230737,False,False,False,False,0.220008,0.027083902851921256
2023-10-01,open_rate,0.226748,False,False,False,False,0.2208912857142857,0.027087954079623302
2023-10-02,open_rate,0.21775,False,False,False,False,0.22115264285714287,0.02703489456697128
2023-10-03,open_rate,0.209042,False,False,False,False,0.22053078571428572,0.02721873506974018
2023-10-04,open_rate,0.206331,False,False,False,False,0.21655792857142858,0.02464549179078988
2023-10-05,open_rate,0.223518,False,False,False,False,0.21685378571428574,0.024706708961733076
2023-10-06,open_rate,0.216465,False,False,False,False,0.21636207142857142,0.024635898548707316
2023-10-07,open_rate,0.218006,False,False,False,False,0.21644592857142858,0.024639618948303233
2023-10-08,open_rate,0.201232,False,False,False,False,0.22018121428571427,0.01610363278737286
2023-10-09,open_rate,0.221184,False,False,False,False,0.22055942857142857,0.016057183121649905
2023-10-10,open_rate,0.21755,False,False,False,False,0.22071285714285716,0.016014317425148264
2023-10-11,open_rate,0.13853,True,True,True,True,0.21136335714285712,0.022346086563619885
2023-10-12,open_rate,0.210435,False,False,False,False,0.21085199999999998,0.022274336270867744
2023-10-13,open_rate,0.215866,False,False,False,False,0.21095671428571428,0.022295734522820503
2023-10-14,open_rate,0.2142,False,False,False,False,0.20977549999999998,0.021594198956593067
2023-10-15,open_rate,0.211535,False,False,False,False,0.20868885714285715,0.021050345434246463
2023-10-16,open_rate,0.212872,False,False,False,False,0.20834042857142857,0.02092884703617804
2023-10-17,open_rate,0.211681,False,False,False,False,0.20852892857142855,0.020947527963073313
2023-10-18,open_rate,0.214641,False,False,False,False,0.20912250000000002,0.020998131802432086
2023-10-19,open_rate,0.22446,False,False,False,False,0.2091897857142857,0.021049255627907916
2023-10-20,open_rate,0.194103,False,False,False,False,0.2075925,0.021301659324135774
2023-10-21,open_rate,0.211508,False,False,False,False,0.20712835714285713,0.021127384939956508
2023-10-22,open_rate,0.214542,False,False,False,False,0.20807907142857143,0.02114110868377349
2023-10-23,open_rate,0.215374,False,False,False,False,0.20766407142857143,0.020919938727900784
2023-10-24,open_rate,0.210303,False,False,False,False,0.20714642857142856,0.020745436709400416
2023-10-25,open_rate,0.199858,False,False,False,False,0.21152700000000002,0.0071849528235699
2023-10-26,open_rate,0.215437,False,False,False,False,0.21188428571428572,0.007250541650096372
2023-10-27,open_rate,0.225879,False,False,False,False,0.2125995,0.00811575459072815
2023-10-28,open_rate,0.273468,True,True,True,True,0.21683292857142858,0.01820345907730513
2023-10-29,open_rate,0.219303,False,False,False,False,0.21738778571428571,0.01814785443210884
2023-10-30,open_rate,0.170633,True,True,False,True,0.2143707142857143,0.022048303009628595
2023-10-31,open_rate,0.212278,False,False,False,False,0.21441335714285717,0.0220432775121583
2023-11-01,open_rate,0.204802,False,False,False,False,0.21371057142857142,0.022191805038777775
2023-11-02,open_rate,0.210155,False,False,False,False,0.2126887857142857,0.021987174531385982
2023-11-03,open_rate,0.222381,False,False,False,False,0.21470864285714283,0.02144053679941933
2023-11-04,open_rate,0.216971,False,False,False,False,0.21509885714285715,0.0214275136604864
2023-11-05,open_rate,0.225568,False,False,False,False,0.21588642857142856,0.021607348360842767
2023-11-06,open_rate,0.221383,False,False,False,False,0.21631564285714283,0.02165601374501266
2023-11-07,open_rate,0.215826,False,False,False,False,0.21671014285714288,0.02158825742017085
2023-11-08,open_rate,0.225597,False,False,False,False,0.21854864285714284,0.02113390917134449
2023-11-09,open_rate,0.215797,False,False,False,False,0.21857435714285714,0.021130050564602033
2023-11-10,open_rate,0.218706,False,False,False,False,0.218062,0.021026012943677497
2023-11-11,open_rate,0.210266,False,False,False,False,0.21354757142857142,0.013736094309487044
2023-11-12,open_rate,0.212988,False,False,False,False,0.2130965,0.013635878509680656
2023-11-13,open_rate,0.20726,False,False,False,False,0.21571271428571429,0.006517875980463631
2023-11-14,open_rate,0.219917,False,False,False,False,0.21625835714285713,0.00652796225252039
2023-11-15,open_rate,0.203667,False,False,False,False,0.2161772857142857,0.006686311647728584
2023-11-16,open_rate,0.218384,False,False,False,False,0.21676507142857143,0.006474522251033069
2023-11-17,open_rate,0.211103,False,False,False,False,0.21595950000000003,0.006423441825424815
2023-11-18,open_rate,0.221336,False,False,False,False,0.21627128571428572,0.006580335149619673
2023-11-19,open_rate,0.218207,False,False,False,False,0.2157455,0.00605334188374818
2023-11-20,open_rate,0.226257,False,False,False,False,0.21609364285714286,0.006524343180701178
2023-11-21,open_rate,0.218113,False,False,False,False,0.21625699999999998,0.00654572246703037
2023-11-22,open_rate,0.200875,False,False,False,False,0.21449114285714285,0.007139915307159336
2023-11-23,open_rate,0.212201,False,False,False,False,0.21423428571428574,0.007153992488636967
2023-11-24,open_rate,0.203953,False,False,False,False,0.2131805,0.007521748045092166
2023-11-25,open_rate,0.2089,False,False,False,False,0.2130829285714286,0.007571160387278278
2023-11-26,open_rate,0.224169,False,False,False,False,0.21388157142857142,0.00812950205414534
2023-11-27,open_rate,0.217667,False,False,False,False,0.21462492857142856,0.007951306573468058
2023-11-28,open_rate,0.207698,False,False,False,False,0.21375214285714286,0.007996221904578087
2023-11-29,open_rate,0.205394,False,False,False,False,0.21387549999999997,0.007840475601253269
2023-11-30,open_rate,0.213303,False,False,False,False,0.21351257142857144,0.007732582877412024
2023-12-01,open_rate,0.203997,False,False,False,False,0.21300499999999997,0.008126121962772145
2023-12-02,open_rate,0.208154,False,False,False,False,0.21206342857142854,0.007845405325748083
2023-12-03,open_rate,0.215597,False,False,False,False,0.211877,0.007718165784493406
2023-12-04,open_rate,0.221995,False,False,False,False,0.21157257142857142,0.0071720779599595726
2023-12-05,open_rate,0.217971,False,False,False,False,0.2115624285714286,0.007162210506586702
2023-12-06,open_rate,0.196299,False,False,False,False,0.2112355714285714,0.007766396032952538
2023-12-07,open_rate,0.215848,False,False,False,False,0.21149607142857144,0.0078618465091204
2023-12-08,open_rate,0.214189,False,False,False,False,0.21222721428571428,0.007577203443716824
2023-12-09,open_rate,0.290529,True,True,True,True,0.21805785714285714,0.02217158941201434
2023-12-10,open_rate,0.225945,False,False,False,False,0.2181847142857143,0.022214284314476505
2023-12-11,open_rate,0.19844,False,False,False,False,0.21681135714285713,0.02283443374045553
2023-12-12,open_rate,0.153261,True,True,False,True,0.212923,0.02845005319989621
2023-12-13,open_rate,0.218535,False,False,False,False,0.21386164285714288,0.028399276601315453
2023-12-14,open_rate,0.15789,True,True,False,True,0.20990357142857144,0.03210311506503882
2023-12-15,open_rate,0.22537,False,False,False,False,0.2114302142857143,0.03230816025564435
2023-12-16,open_rate,0.217165,False,False,False,False,0.21207385714285715,0.03232762354124066
2023-12-17,open_rate,0.220855,False,False,False,False,0.21244942857142854,0.032402159649567275
2023-12-18,open_rate,0.153808,True,True,False,True,0.2075789285714286,0.035803194718787734
2023-12-19,open_rate,0.22082,False,False,False,False,0.20778242857142853,0.03587483029113286
2023-12-20,open_rate,0.222838,False,False,False,False,0.20967807142857145,0.035922499337975
2023-12-21,open_rate,0.266099,True,True,False,True,0.21326742857142852,0.038967858391863834
2023-12-22,open_rate,0.216802,False,False,False,False,0.21345407142857145,0.038978868084493586
2023-12-23,open_rate,0.217183,False,False,False,False,0.20821507142857146,0.03215428987162293
2023-12-24,open_rate,0.208793,False,False,False,False,0.20698992857142856,0.03175101285716796
2023-12-25,open_rate,0.214275,False,False,False,False,0.20812099999999997,0.03170502156053276
2023-12-26,open_rate,0.214352,False,False,False,False,0.21248464285714289,0.027498721023705118
2023-12-27,open_rate,0.168188,True,True,False,True,0.20888842857142856,0.02983913627775105
2023-12-28,open_rate,0.223224,False,False,False,False,0.21355514285714286,0.02612784615297266
2023-12-29,open_rate,0.207902,False,False,False,False,0.21230742857142856,0.025936621838967073
2023-12-30,open_rate,0.155375,True,True,False,True,0.20789385714285716,0.02998743252881664
2023-12-31,open_rate,0.227183,False,False,False,False,0.20834585714285714,0.03024441331464794
2023-01-01,retention_rate,0.212622,False,False,False,False,0.212622,
2023-01-02,retention_rate,0.231514,False,False,False,False,0.222068,0.01335866131017626
2023-01-03,retention_rate,0.231259,False,False,False,False,0.22513166666666665,0.010834439364052645
2023-01-04,retention_rate,0.238836,False,False,False,False,0.22855775,0.01118967852904334
2023-01-05,retention_rate,0.218619,False,False,False,False,0.22657,0.010661258345054775
2023-01-06,retention_rate,0.241595,False,False,False,False,0.22907416666666666,0.01133821184167357
2023-01-07,retention_rate,0.239149,False,False,False,False,0.23051342857142856,0.011028577890449628
2023-01-08,retention_rate,0.242498,False,False,False,False,0.2320115,0.01105475586084366
2023-01-09,retention_rate,0.232825,False,False,False,False,0.23210188888888889,0.010344332028270902
2023-01-10,retention_rate,0.240936,False,False,False,False,0.2329853,0.010144944050554886
2023-01-11,retention_rate,0.222408,False,False,False,False,0.23202372727272727,0.010138971546374017
2023-01-12,retention_rate,0.2389,False,False,False,False,0.23259675,0.009868822837833576
2023-01-13,retention_rate,0.227876,False,False,False,False,0.23223361538461537,0.009538961854227658
2023-01-14,retention_rate,0.22138,False,False,False,False,0.23145835714285715,0.00961284449703499
2023-01-15,retention_rate,0.22544,False,False,False,False,0.23237392857142858,0.008185186473739633
2023-01-16,retention_rate,0.234016,False,False,False,False,0.2325526428571429,0.008192277729734207
2023-01-17,retention_rate,0.227893,False,False,False,False,0.2323122142857143,0.008282065258771483
2023-01-18,retention_rate,0.236996,False,False,False,False,0.23218078571428571,0.008184601415778594
2023-01-19,retention_rate,0.220711,False,False,False,False,0.2323302142857143,0.00793318954363029
2023-01-20,retention_rate,0.218415,False,False,False,False,0.23067449999999998,0.008262887042022948
2023-01-21,retention_rate,0.285622,True,True,True,True,0.233994,0.01682654133298847
2023-01-22,retention_rate,0.241331,False,False,False,False,0.2339106428571429,0.01678400953108525
2023-01-23,retention_rate,0.226772,False,False,False,False,0.23347828571428572,0.016891744070943116
2023-01-24,retention_rate,0.234705,False,False,False,False,0.2330332142857143,0.016761717638157456
2023-01-25,retention_rate,0.242457,False,False,False,False,0.2344652857142857,0.016640123600819488
2023-01-26,retention_rate,0.238036,False,False,False,False,0.23440357142857143,0.016624005495826658
2023-01-27,retention_rate,0.236082,False,False,False,False,0.23498971428571427,0.01652049149216988
2023-01-28,retention_rate,0.24326,False,False,False,False,0.23655257142857145,0.016165072265247063
2023-01-29,retention_rate,0.229638,False,False,False,False,0.23685242857142857,0.015980968372094683
2023-01-30,retention_rate,0.235422,False,False,False,False,0.23695285714285713,0.015966183368690143
2023-01-31,retention_rate,0.235121,False,False,False,False,0.23746914285714285,0.01576629834053123
2023-02-01,retention_rate,0.233273,False,False,False,False,0.23720321428571428,0.015806239815477813
2023-02-02,retention_rate,0.196174,True,True,False,True,0.23545057142857143,0.01884406153637834
2023-02-03,retention_rate,0.235983,False,False,False,False,0.23670542857142857,0.01819617452067367
2023-02-04,retention_rate,0.235749,False,False,False,False,0.2331430714285714,0.011551651000643141
2023-02-05,retention_rate,0.227678,False,False,False,False,0.23216785714285712,0.011382302598312908
2023-02-06,retention_rate,0.241602,False,False,False,False,0.23322714285714286,0.011530618542733188
2023-02-07,retention_rate,0.22831,False,False,False,False,0.23277035714285715,0.011594064194877716
2023-02-08,retention_rate,0.234037,False,False,False,False,0.23216892857142857,0.011266695389265915
2023-02-09,retention_rate,0.233496,False,False,False,False,0.23184464285714285,0.01114956314844215
2023-02-10,retention_rate,0.23843,False,False,False,False,0.23201235714285715,0.011235533602111481
2023-02-11,retention_rate,0.219881,False,False,False,False,0.23034242857142856,0.011172434812893378
2023-02-12,retention_rate,0.242483,False,False,False,False,0.23125992857142855,0.011628264183341501
2023-02-13,retention_rate,0.230747,False,False,False,False,0.230926,0.011566510024802057
2023-02-14,retention_rate,0.244993,False,False,False,False,0.23163114285714287,0.012129161610046992
2023-02-15,retention_rate,0.232273,False,False,False,False,0.23155971428571429,0.012121691157898426
2023-02-16,retention_rate,0.235506,False,False,False,False,0.23436914285714286,0.006581349555981848
2023-02-17,retention_rate,0.250234,False,False,False,False,0.23538707142857143,0.00783319741636433
2023-02-18,retention_rate,0.233806,False,False,False,False,0.23524828571428572,0.007843497536456308
2023-02-19,retention_rate,0.245179,False,False,False,False,0.23649835714285716,0.00793821456972194
2023-02-20,retention_rate,0.236178,False,False,False,False,0.23611092857142854,0.007801145393853684
2023-02-21,retention_rate,0.238996,False,False,False,False,0.23687421428571429,0.007495973187483609
2023-02-22,retention_rate,0.266415,True,True,False,True,0.23918692857142856,0.010813780933208766
2023-02-23,retention_rate,0.242218,False,False,False,False,0.23980992857142858,0.010711457111711967
2023-02-24,retention_rate,0.230701,False,False,False,False,0.23925785714285716,0.010983765963787358
2023-02-25,retention_rate,0.228443,False,False,False,False,0.2398694285714286,0.010017764065854305
2023-02-26,retention_rate,0.231012,False,False,False,False,0.23905007142857146,0.010253881812527175
2023-02-27,retention_rate,0.236523,False,False,False,False,0.2394626428571429,0.010007340694995608
2023-02-28,retention_rate,0.234089,False,False,False,False,0.23868378571428575,0.00996805594176932
2023-03-01,retention_rate,0.24104,False,False,False,False,0.23931,0.009808439701839243
2023-03-02,retention_rate,0.245463,False,False,False,False,0.2400212142857143,0.009872178445421388
2023-03-03,retention_rate,0.22832,False,False,False,False,0.23845592857142858,0.00986561451526144
2023-03-04,retention_rate,0.230092,False,False,False,False,0.2381906428571429,0.010048508275109594
2023-03-05,retention_rate,0.22478,False,False,False,False,0.23673357142857143,0.01042898382625808
2023-03-06,retention_rate,0.250731,False,False,False,False,0.23777307142857143,0.0110746406468131
2023-03-07,retention_rate,0.237738,False,False,False,False,0.2376832142857143,0.011069056961976183
2023-03-08,retention_rate,0.238998,False,False,False,False,0.23572485714285715,0.007417926103051345
2023-03-09,retention_rate,0.225291,False,False,False,False,0.2345157857142857,0.007653916435179063
2023-03-10,retention_rate,0.235275,False,False,False,False,0.2348425,0.007575776697931635
2023-03-11,retention_rate,0.239042,False,False,False,False,0.23559957142857144,0.007414949055422186
2023-03-12,retention_rate,0.233263,False,False,False,False,0.23576035714285712,0.00733175878371883
2023-03-13,retention_rate,0.24316,False,False,False,False,0.23623442857142857,0.007594722901860528
2023-03-14,retention_rate,0.252362,False,False,False,False,0.23753964285714282,0.008688998894332712
2023-03-15,retention_rate,0.22785,False,False,False,False,0.2365975,0.008990135352365222
2023-03-16,retention_rate,0.264266,True,True,False,True,0.23794057142857142,0.011477027112482578
2023-03-17,retention_rate,0.228222,False,False,False,False,0.23793357142857138,0.011483374327959739
2023-03-18,retention_rate,0.246775,False,False,False,False,0.2391252142857143,0.01147265295708134
2023-03-19,retention_rate,0.242467,False,False,False,False,0.2403885714285714,0.010720649798864388
2023-03-20,retention_rate,0.233553,False,False,False,False,0.2391615714285714,0.010424830267677791
2023-03-21,retention_rate,0.234762,False,False,False,False,0.238949,0.010486251731892394
2023-03-22,retention_rate,0.228281,False,False,False,False,0.23818350000000002,0.010866671486352597
2023-03-23,retention_rate,0.240995,False,False,False,False,0.2393052142857143,0.010225051116506248
2023-03-24,retention_rate,0.168391,True,True,True,True,0.2345277857142857,0.021576734875175783
2023-03-25,retention_rate,0.232197,False,False,False,False,0.23403885714285713,0.021544103347666748
2023-03-26,retention_rate,0.238626,False,False,False,False,0.23442192857142857,0.021576901058822102
2023-03-27,retention_rate,0.232561,False,False,False,False,0.23366485714285715,0.02143218200907995
2023-03-28,retention_rate,0.23212,False,False,False,False,0.232219,0.020745594390505787
2023-03-29,retention_rate,0.282885,True,True,False,True,0.23615007142857142,0.02469279683964004
2023-03-30,retention_rate,0.239667,False,False,False,False,0.234393,0.02337846798955103
2023-03-31,retention_rate,0.24596,False,False,False,False,0.23566,0.023498651604523395
2023-04-01,retention_rate,0.237911,False,False,False,False,0.23502685714285712,0.023294663885029213
2023-04-02,retention_rate,0.209276,True,True,False,True,0.23265607142857142,0.02415240061476384
2023-04-03,retention_rate,0.231839,False,False,False,False,0.23253364285714287,0.024151848477138103
2023-04-04,retention_rate,0.227938,False,False,False,False,0.2320462142857143,0.024172268517006063
2023-04-05,retention_rate,0.23806,False,False,False,False,0.23274471428571425,0.024196375279808325
2023-04-06,retention_rate,0.234349,False,False,False,False,0.23227,0.024087007452151477
2023-04-07,retention_rate,0.222305,False,False,False,False,0.23612100000000003,0.016061283677982163
2023-04-08,retention_rate,0.230425,False,False,False,False,0.23599442857142858,0.016101517342327572
2023-04-09,retention_rate,0.232175,False,False,False,False,0.23553364285714284,0.016112717211555636
2023-04-10,retention_rate,0.228881,False,False,False,False,0.2352707857142857,0.016194750489343414
2023-04-11,retention_rate,0.193026,True,True,False,True,0.2324783571428571,0.01975822424910758
2023-04-12,retention_rate,0.236136,False,False,False,False,0.22913914285714285,0.01356318634481502
2023-04-13,retention_rate,0.242751,False,False,False,False,0.2293594285714286,0.013770782412910933
2023-04-14,retention_rate,0.234345,False,False,False,False,0.2285297857142857,0.013023317775191818
2023-04-15,retention_rate,0.232898,False,False,False,False,0.22817171428571428,0.012812756800750008
2023-04-16,retention_rate,0.177534,True,True,False,True,0.2259044285714286,0.018122084880542393
2023-04-17,retention_rate,0.232218,False,False,False,False,0.2259315,0.018131912520576728
2023-04-18,retention_rate,0.23215,False,False,False,False,0.22623235714285714,0.018202573277961587
2023-04-19,retention_rate,0.221724,False,False,False,False,0.2250655,0.017907257083909632
2023-04-20,retention_rate,0.289663,True,True,False,True,0.22901649999999998,0.02486396241628559
2023-04-21,retention_rate,0.229409,False,False,False,False,0.22952392857142856,0.0247888330983756
2023-04-22,retention_rate,0.234866,False,False,False,False,0.22984114285714283,0.024829632191139143
2023-04-23,retention_rate,0.235159,False,False,False,False,0.23005428571428574,0.02486399149350344
2023-04-24,retention_rate,0.227275,False,False,False,False,0.2299395714285714,0.024873523995526742
2023-04-25,retention_rate,0.288842,True,True,False,True,0.23678357142857145,0.02702437386939737
2023-04-26,retention_rate,0.230149,False,False,False,False,0.23635592857142856,0.027082716701202315
2023-04-27,retention_rate,0.209936,False,True,False,True,0.23401199999999997,0.027894520749533486
2023-04-28,retention_rate,0.227769,False,False,False,False,0.2335422857142857,0.027943804956565056
2023-04-29,retention_rate,0.239446,False,False,False,False,0.23401,0.027986957410138808
2023-04-30,retention_rate,0.281068,True,True,False,True,0.24140528571428568,0.025482664519021765
2023-05-01,retention_rate,0.232106,False,False,False,False,0.2413972857142857,0.025485788019777036
2023-05-02,retention_rate,0.243108,False,False,False,False,0.24218,0.025347837641047862
2023-05-03,retention_rate,0.225475,False,False,False,False,0.24244792857142855,0.02513390514046494
2023-05-04,retention_rate,0.23116,False,False,False,False,0.23826914285714285,0.021242110390076018
2023-05-05,retention_rate,0.221331,False,False,False,False,0.23769214285714285,0.021607854422576355
2023-05-06,retention_rate,0.243287,False,False,False,False,0.23829364285714288,0.02164031486550096
2023-05-07,retention_rate,0.230431,False,False,False,False,0.23795592857142855,0.021729703900649218
2023-05-08,retention_rate,0.231383,False,False,False,False,0.23824935714285717,0.021601738108869284
2023-05-09,retention_rate,0.289873,True,True,False,True,0.238323,0.021788432403809697
2023-05-10,retention_rate,0.235959,False,False,False,False,0.23873799999999998,0.02167580767016182
2023-05-11,retention_rate,0.224419,False,False,False,False,0.2397725,0.020509705375185743
2023-05-12,retention_rate,0.226122,False,False,False,False,0.23965485714285714,0.0205884257434464
2023-05-13,retention_rate,0.234684,False,False,False,False,0.2393147142857143,0.02063143346535002
2023-05-14,retention_rate,0.226289,False,False,False,False,0.23540192857142858,0.01697401290871651
2023-05-15,retention_rate,0.215092,False,False,False,False,0.23418664285714286,0.017816318507770608
2023-05-16,retention_rate,0.230577,False,False,False,False,0.23329157142857143,0.017647615736603426
2023-05-17,retention_rate,0.219884,False,False,False,False,0.2328922142857143,0.01789956985378557
2023-05-18,retention_rate,0.24312,False,False,False,False,0.23374650000000002,0.018094877280813264
2023-05-19,retention_rate,0.23234,False,False,False,False,0.23453285714285713,0.017749747962921968
2023-05-20,retention_rate,0.224244,False,False,False,False,0.23317264285714284,0.017756947046187264
2023-05-21,retention_rate,0.225816,False,False,False,False,0.232843,0.017854328231982977
2023-05-22,retention_rate,0.216912,False,False,False,False,0.23180935714285714,0.018357159138381617
2023-05-23,retention_rate,0.154795,True,True,True,True,0.22216092857142855,0.020824066958373248
2023-05-24,retention_rate,0.238769,False,False,False,False,0.22236164285714285,0.020980247478217508
2023-05-25,retention_rate,0.247922,False,False,False,False,0.22404042857142856,0.022069580236202892
2023-05-26,retention_rate,0.236672,False,False,False,False,0.224794,0.022324764297144917
2023-05-27,retention_rate,0.230578,False,False,False,False,0.2245007142857143,0.0222115261777046
2023-05-28,retention_rate,0.228076,False,False,False,False,0.22462835714285714,0.022227722194133163
2023-05-29,retention_rate,0.224193,False,False,False,False,0.22527842857142857,0.022059817924885976
2023-05-30,retention_rate,0.246869,False,False,False,False,0.22644214285714284,0.02277883810725392
2023-05-31,retention_rate,0.230062,False,False,False,False,0.22716914285714288,0.022715761680983815
2023-06-01,retention_rate,0.247406,False,False,False,False,0.22747528571428569,0.02297467533688267
2023-06-02,retention_rate,0.242053,False,False,False,False,0.22816907142857143,0.023277539119418187
2023-06-03,retention_rate,0.218613,False,False,False,False,0.22776685714285713,0.02339891056588596
2023-06-04,retention_rate,0.226744,False,False,False,False,0.22783314285714287,0.02339427294103325
2023-06-05,retention_rate,0.226793,False,False,False,False,0.22853892857142857,0.02318758412952364
2023-06-06,retention_rate,0.231288,False,False,False,False,0.2340027142857143,0.009368859149237045
2023-06-07,retention_rate,0.231513,False,False,False,False,0.2334844285714286,0.009285233518577029
2023-06-08,retention_rate,0.254518,False,False,False,False,0.23395557142857143,0.010196765322050322
2023-06-09,retention_rate,0.22405,False,False,False,False,0.233054,0.010491843080735154
2023-06-10,retention_rate,0.233933,False,False,False,False,0.23329364285714285,0.010469229966592936
2023-06-11,retention_rate,0.236928,False,False,False,False,0.23392592857142858,0.010396929468796154
2023-06-12,retention_rate,0.232384,False,False,False,False,0.234511,0.010031125314585804
2023-06-13,retention_rate,0.233315,False,False,False,False,0.23354285714285714,0.009379573631913368
2023-06-14,retention_rate,0.224748,False,False,False,False,0.2331632857142857,0.009635308956194381
2023-06-15,retention_rate,0.233481,False,False,False,False,0.23216864285714287,0.008727961050177042
2023-06-16,retention_rate,0.196463,True,True,False,True,0.2289122142857143,0.012462364235375471
2023-06-17,retention_rate,0.189496,True,True,False,True,0.22683242857142855,0.016186518139936896
2023-06-18,retention_rate,0.237263,False,False,False,False,0.2275837857142857,0.0164244875306007
2023-06-19,retention_rate,0.243686,False,False,False,False,0.2287904285714286,0.016973285397553828
2023-06-20,retention_rate,0.240225,False,False,False,False,0.22942878571428568,0.017240399750757952
2023-06-21,retention_rate,0.23384,False,False,False,False,0.229595,0.017273225319061804
2023-06-22,retention_rate,0.224627,False,False,False,False,0.22745992857142858,0.015734434904493295
2023-06-23,retention_rate,0.229025,False,False,False,False,0.22781528571428572,0.015707655352767306
2023-06-24,retention_rate,0.231989,False,False,False,False,0.22767642857142859,0.01565792795366611
2023-06-25,retention_rate,0.235642,False,False,False,False,0.2275845714285714,0.01560315507401426
2023-06-26,retention_rate,0.230275,False,False,False,False,0.22743392857142858,0.015563384081600932
2023-06-27,retention_rate,0.226959,False,False,False,False,0.2269799285714286,0.015471062180551994
2023-06-28,retention_rate,0.22518,False,False,False,False,0.22701078571428573,0.015466698350767274
2023-06-29,retention_rate,0.221823,False,False,False,False,0.22617807142857144,0.015405257636296122
2023-06-30,retention_rate,0.159201,True,True,False,True,0.22351649999999998,0.022513163106024477
2023-07-01,retention_rate,0.223415,False,False,False,False,0.2259392857142857,0.020285254369496217
2023-07-02,retention_rate,0.274088,True,True,False,True,0.22856964285714287,0.02392713194940373
2023-07-03,retention_rate,0.164219,True,True,False,True,0.22289342857142858,0.028961550937842997
2023-07-04,retention_rate,0.224766,False,False,False,False,0.2217892142857143,0.028541577947264585
2023-07-05,retention_rate,0.237749,False,False,False,False,0.22206842857142856,0.028687284247458932
2023-07-06,retention_rate,0.240568,False,False,False,False,0.22320707142857144,0.029109898338918975
2023-07-07,retention_rate,0.23101,False,False,False,False,0.22334885714285715,0.029145228285676127
2023-07-08,retention_rate,0.231967,False,False,False,False,0.22334728571428572,0.029144727187523388
2023-07-09,retention_rate,0.180099,True,True,False,True,0.21937992857142857,0.03105985771542099
2023-07-10,retention_rate,0.230116,False,False,False,False,0.2193685714285714,0.031055596224821055
2023-07-11,retention_rate,0.229712,False,False,False,False,0.21956521428571427,0.031116012808590925
2023-07-12,retention_rate,0.244666,False,False,False,False,0.2209570714285714,0.031814465973018485
2023-07-13,retention_rate,0.242433,False,False,False,False,0.22242921428571427,0.0323302763536657
2023-07-14,retention_rate,0.240421,False,False,False,False,0.22823064285714284,0.026951399622874312
2023-07-15,retention_rate,0.242958,False,False,False,False,0.22962657142857146,0.027187861037643247
2023-07-16,retention_rate,0.221291,False,False,False,False,0.22585535714285715,0.024023852828153777
2023-07-17,retention_rate,0.246378,False,False,False,False,0.23172385714285712,0.01673981853066403
2023-07-18,retention_rate,0.239266,False,False,False,False,0.23275957142857143,0.0167247722841313
2023-07-19,retention_rate,0.210648,True,False,False,False,0.2308237857142857,0.0176458745851156
2023-07-20,retention_rate,0.239426,False,False,False,False,0.2307422142857143,0.017599944913281738
2023-07-21,retention_rate,0.236985,False,False,False,False,0.23116899999999999,0.017679204237225746
2023-07-22,retention_rate,0.26591,True,True,False,True,0.2335935,0.01997539040823836
2023-07-23,retention_rate,0.188797,True,True,False,True,0.23421478571428572,0.018243801527678422
2023-07-24,retention_rate,0.234553,False,False,False,False,0.23453171428571426,0.018205620342793508
2023-07-25,retention_rate,0.243487,False,False,False,False,0.23551564285714285,0.018297107457851874
2023-07-26,retention_rate,0.225163,False,False,False,False,0.23412257142857146,0.018289284259513202
2023-07-27,retention_rate,0.23308,False,False,False,False,0.23345449999999998,0.01813252115250817
2023-07-28,retention_rate,0.252557,False,False,False,False,0.23432135714285712,0.01877006907330088
2023-07-29,retention_rate,0.2326,False,False,False,False,0.23358149999999997,0.018606883423367054
2023-07-30,retention_rate,0.235579,False,False,False,False,0.23460207142857142,0.01826969144392008
2023-07-31,retention_rate,0.230819,False,False,False,False,0.23349071428571427,0.017969008921039524
2023-08-01,retention_rate,0.240024,False,False,False,False,0.23354485714285714,0.01798888015010794
2023-08-02,retention_rate,0.232047,False,False,False,False,0.23507335714285715,0.016760912989669013
2023-08-03,retention_rate,0.236237,False,False,False,False,0.2348455714285714,0.016718825895997064
2023-08-04,retention_rate,0.244053,False,False,False,False,0.23535042857142857,0.01689419578851453
2023-08-05,retention_rate,0.2325,False,False,False,False,0.232964,0.014424570453543254
2023-08-06,retention_rate,0.243706,False,False,False,False,0.23688607142857143,0.007093858020139195
2023-08-07,retention_rate,0.244005,False,False,False,False,0.23756121428571428,0.0073014811582581525
2023-08-08,retention_rate,0.245795,False,False,False,False,0.23772607142857144,0.0074696872189105
2023-08-09,retention_rate,0.238977,False,False,False,False,0.2387127857142857,0.006536610156278881
2023-08-10,retention_rate,0.26227,False,True,False,True,0.24079778571428573,0.00884832648391422
2023-08-11,retention_rate,0.245903,False,False,False,False,0.2403225,0.008331723441161721
2023-08-12,retention_rate,0.240461,False,False,False,False,0.24088400000000001,0.008030697000117491
2023-08-13,retention_rate,0.231482,False,False,False,False,0.24059135714285715,0.008308720382893065
2023-08-14,retention_rate,0.237346,False,False,False,False,0.24105757142857143,0.007890808895985939
2023-08-15,retention_rate,0.323387,True,True,True,True,0.24701207142857146,0.02335367670102606
2023-08-16,retention_rate,0.250931,False,False,False,False,0.24836092857142858,0.02296495259659248
2023-08-17,retention_rate,0.249209,False,False,False,False,0.24928750000000002,0.022698301728238553
2023-08-18,retention_rate,0.24402,False,False,False,False,0.24928514285714284,0.02269888883372307
2023-08-19,retention_rate,0.228718,False,False,False,False,0.24901500000000001,0.022935291700447568
2023-08-20,retention_rate,0.28434,True,True,False,True,0.25191742857142857,0.02471388854537
2023-08-21,retention_rate,0.228825,False,False,False,False,0.25083314285714287,0.025410909234654937
2023-08-22,retention_rate,0.226974,False,False,False,False,0.2494887857142857,0.026184052213803127
2023-08-23,retention_rate,0.239915,False,False,False,False,0.24955578571428574,0.0261562708503469
2023-08-24,retention_rate,0.188566,True,True,False,True,0.2442912142857143,0.03046314205012244
2023-08-25,retention_rate,0.244868,False,False,False,False,0.24421728571428572,0.030460185386143757
2023-08-26,retention_rate,0.241802,False,False,False,False,0.24431307142857145,0.030449571290311134
2023-08-27,retention_rate,0.242038,False,False,False,False,0.24506707142857143,0.03023736026447646
2023-08-28,retention_rate,0.23064,False,False,False,False,0.24458807142857145,0.03042163538936952
2023-08-29,retention_rate,0.305396,True,True,False,True,0.243303,0.027027621213520488
2023-08-30,retention_rate,0.180937,True,True,False,True,0.23830342857142855,0.03159575382794417
2023-08-31,retention_rate,0.222902,False,False,False,False,0.23642435714285712,0.03167944172149691
2023-09-01,retention_rate,0.243443,False,False,False,False,0.23638314285714285,0.03166917348234636
2023-09-02,retention_rate,0.232198,False,False,False,False,0.23663171428571425,0.031617997692231226
2023-09-03,retention_rate,0.244345,False,False,False,False,0.23377492857142856,0.028642663473229316
2023-09-04,retention_rate,0.246066,False,False,False,False,0.2350064285714286,0.02878376221390836
2023-09-05,retention_rate,0.233058,False,False,False,False,0.23544099999999998,0.02869896420805793
2023-09-06,retention_rate,0.242076,False,False,False,False,0.23559535714285712,0.02873067255259057
2023-09-07,retention_rate,0.232634,False,False,False,False,0.23874307142857143,0.025403158221171934
2023-09-08,retention_rate,0.22369,False,False,False,False,0.23723035714285712,0.025639827440338495
2023-09-09,retention_rate,0.238397,False,False,False,False,0.23698714285714284,0.025609257277119917
2023-09-10,retention_rate,0.233877,False,False,False,False,0.2364042142857143,0.025578307077493513
2023-09-11,retention_rate,0.234041,False,False,False,False,0.23664714285714283,0.02553546511711228
2023-09-12,retention_rate,0.252088,False,False,False,False,0.23283942857142859,0.017065062828500364
2023-09-13,retention_rate,0.225759,False,False,False,False,0.236041,0.008764361155357742
2023-09-14,retention_rate,0.274947,True,True,False,True,0.2397585,0.012848671201873408
2023-09-15,retention_rate,0.229594,False,False,False,False,0.23876928571428574,0.013074315581019638
2023-09-16,retention_rate,0.24379,False,False,False,False,0.2395972857142857,0.012992950937563759
2023-09-17,retention_rate,0.239138,False,False,False,False,0.23922535714285714,0.012920917993150453
2023-09-18,retention_rate,0.295722,True,True,False,True,0.24277221428571427,0.019882936449972154
2023-09-19,retention_rate,0.229651,False,False,False,False,0.24252885714285716,0.02003127610611878
2023-09-20,retention_rate,0.230913,False,False,False,False,0.2417315,0.0202714244717876
2023-09-21,retention_rate,0.243525,False,False,False,False,0.24250942857142857,0.02010372749101449
2023-09-22,retention_rate,0.249766,False,False,False,False,0.244372,0.01942242298914416
2023-09-23,retention_rate,0.24,False,False,False,False,0.24448650000000002,0.019389185938201704
2023-09-24,retention_rate,0.229579,False,False,False,False,0.2441795,0.019602942258556813
2023-09-25,retention_rate,0.238763,False,False,False,False,0.24451678571428573,0.01945514785416645
2023-09-26,retention_rate,0.254338,False,False,False,False,0.24467750000000002,0.01953164586294226
2023-09-27,retention_rate,0.23681,False,False,False,False,0.24546685714285713,0.018922051034775334
2023-09-28,retention_rate,0.246915,False,False,False,False,0.24346457142857142,0.01694212415487284
2023-09-29,retention_rate,0.230308,False,False,False,False,0.24351557142857141,0.016898176113298403
2023-09-30,retention_rate,0.235454,False,False,False,False,0.24292014285714286,0.01703408067491654
2023-10-01,retention_rate,0.240325,False,False,False,False,0.24300492857142858,0.017016752557697218
2023-10-02,retention_rate,0.238567,False,False,False,False,0.2389224285714286,0.007704537032108117
2023-10-03,retention_rate,0.229748,False,False,False,False,0.23892935714285715,0.007695596449190644
2023-10-04,retention_rate,0.229334,False,False,False,False,0.23881657142857146,0.007832474161751823
2023-10-05,retention_rate,0.242727,False,False,False,False,0.23875957142857146,0.007798402871143794
2023-10-06,retention_rate,0.244162,False,False,False,False,0.23835928571428572,0.0073190883146909864
2023-10-07,retention_rate,0.246477,False,False,False,False,0.23882192857142856,0.00762892523395525
2023-10-08,retention_rate,0.248577,False,False,False,False,0.24017892857142858,0.007547571728344822
2023-10-09,retention_rate,0.235969,False,False,False,False,0.23997935714285715,0.0076244391935727344
2023-10-10,retention_rate,0.232539,False,False,False,False,0.2384222857142857,0.00662723192509628
2023-10-11,retention_rate,0.244919,False,False,False,False,0.2390015,0.0068268340533743825
2023-10-12,retention_rate,0.240051,False,False,False,False,0.23851121428571428,0.006450916860041618
2023-10-13,retention_rate,0.227251,False,False,False,False,0.23829285714285714,0.006792634312334447
2023-10-14,retention_rate,0.226785,False,False,False,False,0.23767364285714285,0.007435994316702124
2023-10-15,retention_rate,0.238147,False,False,False,False,0.23751807142857143,0.007398948402039864
2023-10-16,retention_rate,0.233049,False,False,False,False,0.23712392857142858,0.007485242686208165
2023-10-17,retention_rate,0.278872,True,True,False,True,0.24063278571428573,0.013139790427895554
2023-10-18,retention_rate,0.242271,False,False,False,False,0.2415568571428571,0.01273266446740686
2023-10-19,retention_rate,0.239847,False,False,False,False,0.24135114285714285,0.012735569806087164
2023-10-20,retention_rate,0.192815,True,True,False,True,0.2376835,0.01811940181025695
2023-10-21,retention_rate,0.219529,False,False,False,False,0.23575864285714285,0.018539883335485438
2023-10-22,retention_rate,0.235849,False,False,False,False,0.2348495,0.018171365634934142
2023-10-23,retention_rate,0.239095,False,False,False,False,0.23507278571428572,0.01820535398079197
2023-10-24,retention_rate,0.222374,False,False,False,False,0.2343467142857143,0.018514261548366506
2023-10-25,retention_rate,0.228853,False,False,False,False,0.23319914285714288,0.01830528136844735
2023-10-26,retention_rate,0.227404,False,False,False,False,0.23229578571428572,0.01825312241857475
2023-10-27,retention_rate,0.233817,False,False,False,False,0.23276478571428574,0.01819779993117763
2023-10-28,retention_rate,0.245813,False,False,False,False,0.23412392857142855,0.018425975141565406
2023-10-29,retention_rate,0.248725,False,False,False,False,0.2348795,0.01881637794684369
2023-10-30,retention_rate,0.227404,False,False,False,False,0.23447628571428572,0.018918825083167203
2023-10-31,retention_rate,0.237418,False,False,False,False,0.2315152857142857,0.01405460284543326
2023-11-01,retention_rate,0.237621,False,False,False,False,0.23118314285714286,0.013834083016271892
2023-11-02,retention_rate,0.236301,False,False,False,False,0.23092985714285713,0.013695018683713296
2023-11-03,retention_rate,0.236354,False,False,False,False,0.23403978571428571,0.008225063891999639
2023-11-04,retention_rate,0.23561,False,False,False,False,0.23518842857142858,0.007086841183210458
2023-11-05,retention_rate,0.245963,False,False,False,False,0.23591085714285714,0.007652307473588184
2023-11-06,retention_rate,0.241552,False,False,False,False,0.23608635714285714,0.0077583902434934
2023-11-07,retention_rate,0.225313,False,False,False,False,0.2362962857142857,0.0073898243700228836
2023-11-08,retention_rate,0.239216,False,False,False,False,0.2370365,0.007100243460073159
2023-11-09,retention_rate,0.239929,False,False,False,False,0.23793114285714287,0.006561842152899176
2023-11-10,retention_rate,0.235589,False,False,False,False,0.2380577142857143,0.006493110069422082
2023-11-11,retention_rate,0.241707,False,False,False,False,0.2377644285714286,0.006202076683403488
2023-11-12,retention_rate,0.23463,False,False,False,False,0.23675764285714287,0.005374832299454248
2023-11-13,retention_rate,0.298615,True,True,True,True,0.24184414285714287,0.016989095905030803
2023-11-14,retention_rate,0.234136,False,False,False,False,0.2416097142857143,0.01707728420774488
2023-11-15,retention_rate,0.218099,False,False,False,False,0.24021528571428571,0.018188878844073927
2023-11-16,retention_rate,0.232645,False,False,False,False,0.23995414285714287,0.01827543944902419
2023-11-17,retention_rate,0.228252,False,False,False,False,0.2393754285714286,0.01852479068173787
2023-11-18,retention_rate,0.224385,False,False,False,False,0.23857364285714283,0.018938598679405106
2023-11-19,retention_rate,0.244061,False,False,False,False,0.23843778571428573,0.01888826833362078
2023-11-20,retention_rate,0.237114,False,False,False,False,0.23812078571428572,0.01886921399927813
2023-11-21,retention_rate,0.233139,False,False,False,False,0.2386797857142857,0.01857421322561346
2023-11-22,retention_rate,0.229161,False,False,False,False,0.23796157142857144,0.018745494374400047
2023-11-23,retention_rate,0.235655,False,False,False,False,0.2376562857142857,0.018745791275042962
2023-11-24,retention_rate,0.24091,False,False,False,False,0.23803635714285715,0.01875459246981378
2023-11-25,retention_rate,0.227316,False,False,False,False,0.2370084285714286,0.018931477900431065
2023-11-26,retention_rate,0.23353,False,False,False,False,0.23692985714285714,0.01894438669798106
2023-11-27,retention_rate,0.240127,False,False,False,False,0.23275214285714285,0.006941436094566351
2023-11-28,retention_rate,0.219151,False,False,False,False,0.23168178571428572,0.007812330886081934
2023-11-29,retention_rate,0.233296,False,False,False,False,0.23276728571428573,0.006765523215068426
2023-11-30,retention_rate,0.19332,True,True,False,True,0.22995835714285714,0.01252889656021179
2023-12-01,retention_rate,0.232848,False,False,False,False,0.23028664285714284,0.012540953887208987
2023-12-02,retention_rate,0.260265,True,True,False,True,0.2328495,0.014719163363295758
2023-12-03,retention_rate,0.235021,False,False,False,False,0.2322037857142857,0.014383963919152329
2023-12-04,retention_rate,0.248488,False,False,False,False,0.2330162142857143,0.014991033993068061
2023-12-05,retention_rate,0.231707,False,False,False,False,0.23291392857142856,0.01499501659508307
2023-12-06,retention_rate,0.236403,False,False,False,False,0.23343121428571426,0.014980499525298748
2023-12-07,retention_rate,0.249257,False,False,False,False,0.2344027857142857,0.015565481322358996
2023-12-08,retention_rate,0.230255,False,False,False,False,0.23364171428571429,0.015483106890705575
2023-12-09,retention_rate,0.208543,True,True,False,True,0.23230078571428572,0.016827640568552654
2023-12-10,retention_rate,0.234595,False,False,False,False,0.23237685714285714,0.016836029971724172
2023-12-11,retention_rate,0.24801,False,False,False,False,0.2329399285714286,0.017242091870519425
2023-12-12,retention_rate,0.240366,False,False,False,False,0.2344552857142857,0.01686514430337404
2023-12-13,retention_rate,0.237138,False,False,False,False,0.2347297142857143,0.01687608425885849
2023-12-14,retention_rate,0.23444,False,False,False,False,0.23766685714285712,0.011983877123080912
2023-12-15,retention_rate,0.230351,False,False,False,False,0.23748850000000002,0.012079315013373516
2023-12-16,retention_rate,0.235702,False,False,False,False,0.23573400000000003,0.010145688405957101
2023-12-17,retention_rate,0.241967,False,False,False,False,0.23623014285714286,0.01027712405039736
2023-12-18,retention_rate,0.235243,False,False,False,False,0.2352840714285714,0.009652577563008406
2023-12-19,retention_rate,0.233073,False,False,False,False,0.23538164285714286,0.009620488597916456
2023-12-20,retention_rate,0.233675,False,False,False,False,0.2351867857142857,0.009625835829271717
2023-12-21,retention_rate,0.243108,False,False,False,False,0.23474757142857144,0.00905798108524535
2023-12-22,retention_rate,0.244964,False,False,False,False,0.2357982142857143,0.009345297403824943
2023-12-23,retention_rate,0.230883,False,False,False,False,0.23739392857142858,0.005413757083924194
2023-12-24,retention_rate,0.230985,False,False,False,False,0.23713607142857143,0.005638626775872433
2023-12-25,retention_rate,0.238958,False,False,False,False,0.2364895,0.004743803987227327
2023-12-26,retention_rate,0.247683,False,False,False,False,0.23701214285714287,0.00554000002578677
2023-12-27,retention_rate,0.244936,False,False,False,False,0.23756914285714284,0.00593178523986424
2023-12-28,retention_rate,0.227067,False,False,False,False,0.23704250000000002,0.006528278849036118
2023-12-29,retention_rate,0.234591,False,False,False,False,0.23734535714285715,0.006287894885683898
2023-12-30,retention_rate,0.229708,False,False,False,False,0.2369172142857143,0.006604493810203329
2023-12-31,retention_rate,0.234797,False,False,False,False,0.23640507142857145,0.006459187308540932
2023-01-01,revenue_per_user,57.176538,True,True,False,True,57.176538,
2023-01-02,revenue_per_user,33.611403,False,False,False,False,45.3939705,16.66306675807645
2023-01-03,revenue_per_user,28.583016,False,False,False,False,39.790319000000004,15.265373473728477
2023-01-04,revenue_per_user,28.696255,False,False,False,False,37.016803,13.642726347910305
2023-01-05,revenue_per_user,32.150474,False,False,False,False,36.0435372,12.01370959530081
2023-01-06,revenue_per_user,30.861032,False,False,False,False,35.17978633333333,10.951701600672962
2023-01-07,revenue_per_user,26.362567,False,False,False,False,33.92018357142857,10.53831108146552
2023-01-08,revenue_per_user,32.052518,False,False,False,False,33.686725375,9.778899701100588
2023-01-09,revenue_per_user,26.521182,False,False,False,False,32.89055388888889,9.454021406858004
2023-01-10,revenue_per_user,28.826264,False,False,False,False,32.4841249,9.005521597340325
2023-01-11,revenue_per_user,34.605411,False,False,False,False,32.67696909090909,8.56729566536535
2023-01-12,revenue_per_user,35.824804,False,False,False,False,32.93928866666666,8.218983989824261
2023-01-13,revenue_per_user,28.259423,False,False,False,False,32.579299,7.975405504066446
2023-01-14,revenue_per_user,45.248035,True,True,False,True,33.484208714285714,8.37724906662313
2023-01-15,revenue_per_user,31.475558,False,False,False,False,31.648424428571428,4.866247017924149
2023-01-16,revenue_per_user,35.856475,False,False,False,False,31.808786714285713,4.971759171523954
2023-01-17,revenue_per_user,30.205052,False,False,False,False,31.92464642857143,4.909312188079709
2023-01-18,revenue_per_user,30.278206,False,False,False,False,32.03764292857143,4.847100640295212
2023-01-19,revenue_per_user,35.374761,False,False,False,False,32.26794914285714,4.928785564745664
2023-01-20,revenue_per_user,30.597812,False,False,False,False,32.24914771428572,4.935063293018215
2023-01-21,revenue_per_user,33.3714,False,False,False,False,32.749778642857144,4.638565969491695
2023-01-22,revenue_per_user,17.212416,True,True,False,True,31.689771357142856,6.232079999388247
2023-01-23,revenue_per_user,48.137181,True,True,False,True,33.23377128571428,7.41792289841744
2023-01-24,revenue_per_user,27.505557,False,False,False,False,33.13943507142857,7.486368481755723
2023-01-25,revenue_per_user,29.043856,False,False,False,False,32.74218114285714,7.54988335373258
2023-01-26,revenue_per_user,33.807456,False,False,False,False,32.59808485714286,7.505644834710821
2023-01-27,revenue_per_user,31.610797,False,False,False,False,32.83746871428571,7.409451566801289
2023-01-28,revenue_per_user,30.962971,False,False,False,False,31.817107,6.496243272533015
2023-01-29,revenue_per_user,29.91308,False,False,False,False,31.70550142857143,6.515954256665176
2023-01-30,revenue_per_user,31.256552,False,False,False,False,31.376935500000002,6.4055815468966255
2023-01-31,revenue_per_user,32.58321,False,False,False,False,31.54680392857143,6.4036467234914545
2023-02-01,revenue_per_user,34.308926,False,False,False,False,31.8347125,6.4327675971529095
2023-02-02,revenue_per_user,25.308933,False,False,False,False,31.11572478571429,6.567771747772487
2023-02-03,revenue_per_user,29.811496,False,False,False,False,31.059559357142856,6.575898591989287
2023-02-04,revenue_per_user,32.306656,False,False,False,False,30.983506214285715,6.553222434267142
2023-02-05,revenue_per_user,31.678675,False,False,False,False,32.01681042857143,5.219591076745641
2023-02-06,revenue_per_user,32.950077,False,False,False,False,30.932017285714284,2.4605108281984327
2023-02-07,revenue_per_user,32.625162,False,False,False,False,31.29770335714286,2.2863712710501143
2023-02-08,revenue_per_user,31.207676,False,False,False,False,31.45226192857143,2.1935439668015433
2023-02-09,revenue_per_user,30.665095,False,False,False,False,31.22780757142857,2.0924522379801775
2023-02-10,revenue_per_user,31.379695,False,False,False,False,31.211300285714287,2.0901086981079517
2023-02-11,revenue_per_user,54.84891,True,True,True,True,32.91743878571428,6.6489641312531615
2023-02-12,revenue_per_user,30.182352,False,False,False,False,32.9366725,6.639988190179266
2023-02-13,revenue_per_user,31.863045,False,False,False,False,32.97999342857143,6.630154647393897
2023-02-14,revenue_per_user,32.48492,False,False,False,False,32.97297271428572,6.630659144477423
2023-02-15,revenue_per_user,35.932754,False,False,False,False,33.08896042857143,6.669912460229881
2023-02-16,revenue_per_user,47.495037,True,True,False,True,34.673682142857146,7.286383156699407
2023-02-17,revenue_per_user,34.435943,False,False,False,False,35.00399978571429,7.1526007263669396
2023-02-18,revenue_per_user,35.120614,False,False,False,False,35.204996785714286,7.1103846115882305
2023-02-19,revenue_per_user,31.881832,False,False,False,False,35.219508,7.102837634587629
2023-02-20,revenue_per_user,31.513789,False,False,False,False,35.116916,7.148365152567785
2023-02-21,revenue_per_user,31.216144,False,False,False,False,35.016271857142854,7.195906910279881
2023-02-22,revenue_per_user,31.396242,False,False,False,False,35.02974085714286,7.1884023332806155
2023-02-23,revenue_per_user,34.167259,False,False,False,False,35.27989542857143,7.085023883177912
2023-02-24,revenue_per_user,32.603891,False,False,False,False,35.367338000000004,7.0406004660887085
2023-02-25,revenue_per_user,32.608157,False,False,False,False,33.77871278571429,4.2711908373627265
2023-02-26,revenue_per_user,39.360618,True,True,False,True,34.43430321428571,4.379731259572469
2023-02-27,revenue_per_user,41.429532,True,True,False,True,35.11762371428571,4.683452679864273
2023-02-28,revenue_per_user,25.012413,True,False,False,False,34.58387321428571,5.380500244431519
2023-03-01,revenue_per_user,31.538499,False,False,False,False,34.269997857142855,5.423756531137412
2023-03-02,revenue_per_user,30.034211,False,False,False,False,33.022796,3.9583000350025594
2023-03-03,revenue_per_user,35.535922,False,False,False,False,33.10136592857143,3.99921340101471
2023-03-04,revenue_per_user,32.648703,False,False,False,False,32.924800857142856,3.957556448499485
2023-03-05,revenue_per_user,33.374573,False,False,False,False,33.03142521428571,3.947390939242632
2023-03-06,revenue_per_user,31.568091,False,False,False,False,33.03530392857143,3.945811359244298
2023-03-07,revenue_per_user,31.099592,False,False,False,False,33.026978785714284,3.950065454066073
2023-03-08,revenue_per_user,31.454443,False,False,False,False,33.031136,3.948247386911764
2023-03-09,revenue_per_user,28.402793,False,False,False,False,32.619388428571426,4.117596621123689
2023-03-10,revenue_per_user,31.62017,False,False,False,False,32.54912264285714,4.12626577795763
2023-03-11,revenue_per_user,32.559573,False,False,False,False,32.545652357142856,4.126232739518399
2023-03-12,revenue_per_user,15.453759,True,True,False,True,30.83801957142857,5.725787024543022
2023-03-13,revenue_per_user,31.991058,False,False,False,False,30.16384285714286,4.875262867544181
2023-03-14,revenue_per_user,25.917749,False,False,False,False,30.228509714285714,4.807205990020378
2023-03-15,revenue_per_user,31.494632,False,False,False,False,30.22537635714286,4.806300663304526
2023-03-16,revenue_per_user,38.554066,False,False,False,False,30.833937428571428,5.2947907182081995
2023-03-17,revenue_per_user,33.846272,False,False,False,False,30.71324814285714,5.197736872567139
2023-03-18,revenue_per_user,29.627559,False,False,False,False,30.497452142857146,5.17386090305451
2023-03-19,revenue_per_user,33.106383,False,False,False,False,30.478295714285714,5.162873637826988
2023-03-20,revenue_per_user,29.746865,False,False,False,False,30.348208142857143,5.156242317363923
2023-03-21,revenue_per_user,28.190144,False,False,False,False,30.14039042857143,5.182194969839488
2023-03-22,revenue_per_user,7.382749,True,True,False,True,28.42098371428571,7.961017320542488
2023-03-23,revenue_per_user,31.747606,False,False,False,False,28.65989892857143,8.010465828809359
2023-03-24,revenue_per_user,26.809841,False,False,False,False,28.316304,7.976817474128796
2023-03-25,revenue_per_user,28.588407,False,False,False,False,28.03264928571429,7.8843920280782065
2023-03-26,revenue_per_user,31.457894,False,False,False,False,29.17580178571428,7.034726735049261
2023-03-27,revenue_per_user,30.382088,False,False,False,False,29.060875357142855,6.998244223658156
2023-03-28,revenue_per_user,32.359769,False,False,False,False,29.521019642857144,6.987459569499114
2023-03-29,revenue_per_user,28.306085,False,False,False,False,29.293266285714285,6.970125284308803
2023-03-30,revenue_per_user,33.097892,False,False,False,False,28.903539571428574,6.552514214691769
2023-03-31,revenue_per_user,11.821641,True,True,False,True,27.330351642857146,7.799765895216007
2023-04-01,revenue_per_user,35.358817,False,False,False,False,27.739727214285715,8.075153637941362
2023-04-02,revenue_per_user,26.93219,False,False,False,False,27.29871342857143,7.92674925802163
2023-04-03,revenue_per_user,9.692739,True,True,False,True,25.866275857142856,9.1655047505154
2023-04-04,revenue_per_user,32.204264,False,False,False,False,26.15299871428571,9.305511170643662
2023-04-05,revenue_per_user,35.291148,False,False,False,False,28.146455785714288,7.850782903650286
2023-04-06,revenue_per_user,31.888024,False,False,False,False,28.156485642857145,7.855825570223186
2023-04-07,revenue_per_user,32.477576,False,False,False,False,28.56132385714286,7.926808429583238
2023-04-08,revenue_per_user,31.084494,False,False,False,False,28.73961578571428,7.955483915751356
2023-04-09,revenue_per_user,12.993103,True,True,False,True,27.420702142857145,8.939869987168194
2023-04-10,revenue_per_user,29.756521,False,False,False,False,27.376018785714287,8.925481547629362
2023-04-11,revenue_per_user,27.923168,False,False,False,False,27.059118714285713,8.81297347023754
2023-04-12,revenue_per_user,46.767573,True,True,False,True,28.37779642857143,10.273992597624906
2023-04-13,revenue_per_user,16.796087,True,True,False,True,27.213381785714287,10.615984469316892
2023-04-14,revenue_per_user,5.162813,True,True,False,True,26.737751214285712,11.473190819264504
2023-04-15,revenue_per_user,31.640159,False,False,False,False,26.472132785714287,11.29998802313791
2023-04-16,revenue_per_user,27.559998,False,False,False,False,26.516976214285712,11.303199432089382
2023-04-17,revenue_per_user,31.529348,False,False,False,False,28.076734,10.261650858320598
2023-04-18,revenue_per_user,29.541109,False,False,False,False,27.88650864285714,10.203771961024463
2023-04-19,revenue_per_user,34.254405,False,False,False,False,27.81245557142857,10.149517438419613
2023-04-20,revenue_per_user,31.522874,False,False,False,False,27.78637342857143,10.13870185147692
2023-04-21,revenue_per_user,33.779438,False,False,False,False,27.87936357142857,10.190874345702303
2023-04-22,revenue_per_user,28.777995,False,False,False,False,27.714613642857138,10.153648987597343
2023-04-23,revenue_per_user,30.78536,False,False,False,False,28.985489142857144,9.241838415990127
2023-04-24,revenue_per_user,28.170964,False,False,False,False,28.872235071428573,9.241378082767023
2023-04-25,revenue_per_user,29.56917,False,False,False,False,28.989806642857143,9.238845091990187
2023-04-26,revenue_per_user,29.928273,False,False,False,False,27.7869995,7.717157081030551
2023-04-27,revenue_per_user,28.750117,False,False,False,False,28.640858785714283,7.039061632129028
2023-04-28,revenue_per_user,4.176324,True,True,True,True,28.570395285714287,7.292537647852606
2023-04-29,revenue_per_user,26.99617,False,False,False,False,28.238681785714284,7.247644878128472
2023-04-30,revenue_per_user,42.14705,True,True,False,True,29.280614071428573,8.136584077741208
2023-05-01,revenue_per_user,27.858124,False,False,False,False,29.018383785714285,8.117672902175732
2023-05-02,revenue_per_user,32.053733,False,False,False,False,29.19785692857143,8.157795366699421
2023-05-03,revenue_per_user,26.475784,False,False,False,False,28.642241142857138,8.051106976900074
2023-05-04,revenue_per_user,27.039801,False,False,False,False,28.32202164285714,8.016801623679642
2023-05-05,revenue_per_user,34.926498,False,False,False,False,28.4039545,8.082460308538758
2023-05-06,revenue_per_user,28.848236,False,False,False,False,28.408971714285716,8.082732152557417
2023-05-07,revenue_per_user,31.233416,False,False,False,False,28.440975714285713,8.093744936697963
2023-05-08,revenue_per_user,32.029032,False,False,False,False,28.716552,8.149333346204745
2023-05-09,revenue_per_user,32.073121,False,False,False,False,28.89540564285714,8.196823958462351
2023-05-10,revenue_per_user,26.605727,False,False,False,False,28.658080928571426,8.212702591381255
2023-05-11,revenue_per_user,29.829723,False,False,False,False,28.735195642857143,8.218699649650327
2023-05-12,revenue_per_user,26.358825,False,False,False,False,30.31966,4.345403318275409
2023-05-13,revenue_per_user,36.51838,False,False,False,False,30.999817857142855,4.526629140555678
2023-05-14,revenue_per_user,26.414766,False,False,False,False,29.876083285714287,3.3450058359989456
2023-05-15,revenue_per_user,27.782905,False,False,False,False,29.8707105,3.3485549590450514
2023-05-16,revenue_per_user,27.802743,False,False,False,False,29.56706835714286,3.3280484777276977
2023-05-17,revenue_per_user,26.665523,False,False,False,False,29.580621142857147,3.314851681357773
2023-05-18,revenue_per_user,33.79278,False,False,False,False,30.062976785714287,3.406739016159662
2023-05-19,revenue_per_user,36.472728,False,False,False,False,30.173421785714286,3.596329518463111
2023-05-20,revenue_per_user,29.233738,False,False,False,False,30.20095764285714,3.5868659042108413
2023-05-21,revenue_per_user,27.129742,False,False,False,False,29.907838071428575,3.6628742318000977
2023-05-22,revenue_per_user,24.847359,False,False,False,False,29.394861428571428,3.8414878281320544
2023-05-23,revenue_per_user,29.839451,False,False,False,False,29.23531357142857,3.7673657582223097
2023-05-24,revenue_per_user,29.67003,False,False,False,False,29.45419235714286,3.6910820150931065
2023-05-25,revenue_per_user,28.845086,False,False,False,False,29.383861142857143,3.6927565305672894
2023-05-26,revenue_per_user,17.798618,True,True,False,True,28.772417785714286,4.780624304501085
2023-05-27,revenue_per_user,31.489468,False,False,False,False,28.413209785714287,4.32063741246889
2023-05-28,revenue_per_user,31.325047,False,False,False,False,28.763944142857138,4.345161885965812
2023-05-29,revenue_per_user,29.743944,False,False,False,False,28.904018357142856,4.342711706201404
2023-05-30,revenue_per_user,27.798219,False,False,False,False,28.90369521428571,4.342800123506212
2023-05-31,revenue_per_user,32.235955,False,False,False,False,29.30158321428571,4.377011627517503
2023-06-01,revenue_per_user,30.62282,False,False,False,False,29.075157499999996,4.205436571640256
2023-06-02,revenue_per_user,32.833639,False,False,False,False,28.81522257142857,3.8065759437225446
2023-06-03,revenue_per_user,32.610168,False,False,False,False,29.056396142857142,3.9397619545363565
2023-06-04,revenue_per_user,27.103812,False,False,False,False,29.054543999999996,3.9407433502405067
2023-06-05,revenue_per_user,27.096881,False,False,False,False,29.215224142857146,3.7993272811731553
2023-06-06,revenue_per_user,28.81876,False,False,False,False,29.142317642857144,3.7962192822096776
2023-06-07,revenue_per_user,28.093055,False,False,False,False,29.029676571428574,3.8027468868444343
2023-06-08,revenue_per_user,32.648861,False,False,False,False,29.301374785714284,3.9225426789282256
2023-06-09,revenue_per_user,31.666897,False,False,False,False,30.29196614285714,2.140577173124327
2023-06-10,revenue_per_user,33.565323,False,False,False,False,30.440241500000003,2.29615019808498
2023-06-11,revenue_per_user,31.838142,False,False,False,False,30.476891142857145,2.3153736167147265
2023-06-12,revenue_per_user,31.398901,False,False,False,False,30.595102357142856,2.3173205845513074
2023-06-13,revenue_per_user,33.907712,False,False,False,False,31.031494714285714,2.325351273246814
2023-06-14,revenue_per_user,32.114543,False,False,False,False,31.02282242857143,2.320735579039378
2023-06-15,revenue_per_user,31.143009,False,False,False,False,31.059978785714286,2.318001322467152
2023-06-16,revenue_per_user,34.70708,False,False,False,False,31.193796,2.476900509759801
2023-06-17,revenue_per_user,31.327716,False,False,False,False,31.10219228571429,2.44398503891385
2023-06-18,revenue_per_user,50.680299,True,True,True,True,32.78622707142857,5.583364099574887
2023-06-19,revenue_per_user,29.014573,False,False,False,False,32.92320507142857,5.455099553408367
2023-06-20,revenue_per_user,32.902172,False,False,False,False,33.21487735714285,5.326410248237742
2023-06-21,revenue_per_user,34.273192,False,False,False,False,33.65631571428571,5.121427203606103
2023-06-22,revenue_per_user,31.090496,False,False,False,False,33.545003928571425,5.161784256495126
2023-06-23,revenue_per_user,34.523555,False,False,False,False,33.74905092857143,5.138239756264428
2023-06-24,revenue_per_user,26.365895,False,False,False,False,33.23480607142857,5.505204306958618
2023-06-25,revenue_per_user,31.189791,False,False,False,False,33.18849528571428,5.520562669673795
2023-06-26,revenue_per_user,31.265964,False,False,False,False,33.17899978571428,5.523990858074313
2023-06-27,revenue_per_user,14.173195,True,True,False,True,31.769391428571428,7.491327442065691
2023-06-28,revenue_per_user,37.402102,False,False,False,False,32.147074214285716,7.641843855916326
2023-06-29,revenue_per_user,31.315358,False,False,False,False,32.159384857142854,7.640240586809275
2023-06-30,revenue_per_user,30.500026,False,False,False,False,31.858881,7.6150209668780136
2023-07-01,revenue_per_user,31.622854,False,False,False,False,31.87996228571429,7.6138458231187345
2023-07-02,revenue_per_user,26.589552,False,False,False,False,30.15919464285714,5.45400085560138
2023-07-03,revenue_per_user,16.200684,True,True,False,True,29.24391685714286,6.612931515882974
2023-07-04,revenue_per_user,23.993335,True,True,False,True,28.60757135714286,6.6622813305260715
2023-07-05,revenue_per_user,30.139969,False,False,False,False,28.312341142857143,6.4810174640850216
2023-07-06,revenue_per_user,29.678535,False,False,False,False,28.211486785714282,6.4453476043585605
2023-07-07,revenue_per_user,35.062764,False,False,False,False,28.250001714285712,6.487441129788994
2023-07-08,revenue_per_user,35.177607,False,False,False,False,28.879409714285714,6.714079902709373
2023-07-09,revenue_per_user,33.157224,False,False,False,False,29.019940642857144,6.786358740494093
2023-07-10,revenue_per_user,30.764446,False,False,False,False,28.98411792857143,6.774904806002205
2023-07-11,revenue_per_user,31.340728,False,False,False,False,30.210370285714284,5.275704852071289
2023-07-12,revenue_per_user,29.965833,False,False,False,False,29.679208214285715,4.853378928511024
2023-07-13,revenue_per_user,29.525674,False,False,False,False,29.55137364285714,4.830484403602599
2023-07-14,revenue_per_user,29.437523,False,False,False,False,29.47548057142857,4.822773846855846
2023-07-15,revenue_per_user,13.562376,True,True,False,True,28.185446428571424,6.371124582026214
2023-07-16,revenue_per_user,29.532199,False,False,False,False,28.3956355,6.36295964600603
2023-07-17,revenue_per_user,28.244145,False,False,False,False,29.255882714285715,5.315290530056044
2023-07-18,revenue_per_user,32.735731,False,False,False,False,29.88033957142857,5.160767391969037
2023-07-19,revenue_per_user,32.806905,False,False,False,False,30.070835,5.21996978780955
2023-07-20,revenue_per_user,36.504929,False,False,False,False,30.55843457142857,5.492233811591192
2023-07-21,revenue_per_user,30.613939,False,False,False,False,30.24066135714286,5.338111152947292
2023-07-22,revenue_per_user,33.056147,False,False,False,False,30.089128499999998,5.215897703437043
2023-07-23,revenue_per_user,33.128029,False,False,False,False,30.08704314285714,5.2145823673406175
2023-07-24,revenue_per_user,31.741215,False,False,False,False,30.156812357142858,5.230851982020972
2023-07-25,revenue_per_user,34.265383,False,False,False,False,30.365716285714285,5.339052685422294
2023-07-26,revenue_per_user,21.525818,True,True,False,True,29.76285807142857,5.840620680915758
2023-07-27,revenue_per_user,33.277981,False,False,False,False,30.03088,5.9145269760722865
2023-07-28,revenue_per_user,31.846461,False,False,False,False,30.202946999999998,5.930954941025642
2023-07-29,revenue_per_user,31.616911,False,False,False,False,31.492556642857142,3.4983329350304904
2023-07-30,revenue_per_user,29.11557,False,False,False,False,31.462797428571427,3.5180085939991215
2023-07-31,revenue_per_user,30.543398,False,False,False,False,31.627029785714285,3.4081458775018008
2023-08-01,revenue_per_user,31.025408,False,False,False,False,31.504863857142855,3.395978904792663
2023-08-02,revenue_per_user,29.791707,False,False,False,False,31.289492571428575,3.4026568080398336
2023-08-03,revenue_per_user,33.72161,False,False,False,False,31.090684071428573,3.1461334531254668
2023-08-04,revenue_per_user,48.158313,True,True,False,True,32.34385364285714,5.53149458101301
2023-08-05,revenue_per_user,30.388759,False,False,False,False,32.15332592857143,5.550976641680255
2023-08-06,revenue_per_user,33.384437,False,False,False,False,32.17164078571428,5.554861585972645
2023-08-07,revenue_per_user,30.106358,False,False,False,False,32.054865285714286,5.581725329456457
2023-08-08,revenue_per_user,31.944006,False,False,False,False,31.88905264285714,5.5453690801498485
2023-08-09,revenue_per_user,30.994022,False,False,False,False,32.56535292857143,4.696689796461428
2023-08-10,revenue_per_user,34.236967,False,False,False,False,32.633851928571424,4.714840733324441
2023-08-11,revenue_per_user,31.046478,False,False,False,False,32.576710285714285,4.729941128271077
2023-08-12,revenue_per_user,35.28265,False,False,False,False,32.83854878571429,4.773980144549385
2023-08-13,revenue_per_user,48.74188,True,True,False,True,34.240428071428575,6.250065714704138
2023-08-14,revenue_per_user,31.146052,False,False,False,False,34.28347478571428,6.224667852389292
2023-08-15,revenue_per_user,29.643301,False,False,False,False,34.18475285714286,6.290922261214149
2023-08-16,revenue_per_user,33.414888,False,False,False,False,34.4435515,6.169654667595601
2023-08-17,revenue_per_user,35.024043,False,False,False,False,34.53658242857143,6.167750541365905
2023-08-18,revenue_per_user,33.47223,False,False,False,False,33.4875765,4.7613057503158025
2023-08-19,revenue_per_user,38.387745,False,False,False,False,34.058932642857144,4.840129793763737
2023-08-20,revenue_per_user,36.365687,False,False,False,False,34.271879071428565,4.873637547032763
2023-08-21,revenue_per_user,32.021767,False,False,False,False,34.408694,4.7735637405802365
2023-08-22,revenue_per_user,31.99371,False,False,False,False,34.41224428571429,4.771607732035574
2023-08-23,revenue_per_user,33.960041,False,False,False,False,34.624102785714285,4.672991073179735
2023-08-24,revenue_per_user,30.686611,False,False,False,False,34.37050592857143,4.7904761344606035
2023-08-25,revenue_per_user,35.692087,False,False,False,False,34.702335142857144,4.702605389216647
2023-08-26,revenue_per_user,33.673934,False,False,False,False,34.58742685714286,4.706987078036313
2023-08-27,revenue_per_user,33.403519,False,False,False,False,33.49182964285715,2.3578491509778017
2023-08-28,revenue_per_user,10.67898,True,True,True,True,32.02989592857143,6.547311941272791
2023-08-29,revenue_per_user,37.050995,False,False,False,False,32.55901692857143,6.6382971148618255
2023-08-30,revenue_per_user,33.160452,False,False,False,False,32.54084292857143,6.636121645044404
2023-08-31,revenue_per_user,32.43854,False,False,False,False,32.356164142857146,6.597564422874315
2023-09-01,revenue_per_user,36.479973,False,False,False,False,32.571002928571424,6.685093341046808
2023-09-02,revenue_per_user,35.113057,False,False,False,False,32.33709664285714,6.521194612068907
2023-09-03,revenue_per_user,31.876736,False,False,False,False,32.01645728571428,6.417408933656927
2023-09-04,revenue_per_user,32.676174,False,False,False,False,32.06320064285715,6.419833422551739
2023-09-05,revenue_per_user,33.134727,False,False,False,False,32.144701857142856,6.426123013298906
2023-09-06,revenue_per_user,33.532942,False,False,False,False,32.11419478571428,6.417850501156899
2023-09-07,revenue_per_user,29.218139,False,False,False,False,32.00930392857143,6.454870433541832
2023-09-08,revenue_per_user,28.733777,False,False,False,False,31.512281785714286,6.417268358717113
2023-09-09,revenue_per_user,30.351015,False,False,False,False,31.274930428571427,6.392570401279217
2023-09-10,revenue_per_user,30.136324,False,False,False,False,31.04155935714286,6.368477048074647
2023-09-11,revenue_per_user,30.9165,False,False,False,False,32.4870965,2.5324723976269583
2023-09-12,revenue_per_user,34.089968,False,False,False,False,32.27559457142857,2.227246979289583
2023-09-13,revenue_per_user,32.057273,False,False,False,False,32.19679607142857,2.213002505769217
2023-09-14,revenue_per_user,32.946292,False,False,False,False,32.23306407142857,2.2214137918043035
2023-09-15,revenue_per_user,29.369598,False,False,False,False,31.725180142857145,1.9748960508859748
2023-09-16,revenue_per_user,31.250676,False,False,False,False,31.449295785714288,1.7183324079929192
2023-09-17,revenue_per_user,33.846761,False,False,False,False,31.59001185714286,1.8328746143478292
2023-09-18,revenue_per_user,33.839279,False,False,False,False,31.673090785714287,1.9106061570795523
2023-09-19,revenue_per_user,30.513228,False,False,False,False,31.485840857142854,1.884622637097555
2023-09-20,revenue_per_user,32.701103,False,False,False,False,31.426423785714288,1.8273613984035868
2023-09-21,revenue_per_user,37.76591,False,False,False,False,32.036978857142856,2.377845254034118
2023-09-22,revenue_per_user,32.196235,False,False,False,False,32.28429728571429,2.179657965690504
2023-09-23,revenue_per_user,30.478338,False,False,False,False,32.293391785714284,2.1712202457560474
2023-09-24,revenue_per_user,54.207172,True,True,True,True,34.01273807142857,6.1735120559695265
2023-09-25,revenue_per_user,32.382963,False,False,False,False,34.117485428571435,6.129218376774686
2023-09-26,revenue_per_user,31.74482,False,False,False,False,33.94997485714286,6.161986940901954
2023-09-27,revenue_per_user,32.014369,False,False,False,False,33.94691028571429,6.16301123958212
2023-09-28,revenue_per_user,28.45399,False,False,False,False,33.62603157142857,6.333698944968064
2023-09-29,revenue_per_user,29.625759,False,False,False,False,33.644328785714286,6.32081370794077
2023-09-30,revenue_per_user,31.628643,False,False,False,False,33.671326428571426,6.310602363096146
2023-10-01,revenue_per_user,31.558416,False,False,False,False,33.507873214285716,6.335296145413345
2023-10-02,revenue_per_user,30.525718,False,False,False,False,33.27119028571429,6.383674254612102
2023-10-03,revenue_per_user,31.468303,False,False,False,False,33.339409928571435,6.356981338395014
2023-10-04,revenue_per_user,32.033102,False,False,False,False,33.29169557142857,6.364643225290265
2023-10-05,revenue_per_user,34.07395,False,False,False,False,33.02798414285714,6.240269959646017
2023-10-06,revenue_per_user,31.572402,False,False,False,False,32.983424642857145,6.2488873732836145
2023-10-07,revenue_per_user,32.788409,False,False,False,False,33.14842971428572,6.2080166090316204
2023-10-08,revenue_per_user,30.407116,False,False,False,False,31.448425714285715,1.375530573379905
2023-10-09,revenue_per_user,33.162106,False,False,False,False,31.504078785714285,1.430897382230428
2023-10-10,revenue_per_user,32.642268,False,False,False,False,31.568182214285713,1.4622707315798689
2023-10-11,revenue_per_user,33.838924,False,False,False,False,31.69850757142857,1.5815392655282128
2023-10-12,revenue_per_user,33.429876,False,False,False,False,32.053928,1.3364325261047807
2023-10-13,revenue_per_user,33.090348,False,False,False,False,32.301398642857144,1.1615457974869179
2023-10-14,revenue_per_user,15.982908,True,True,True,True,31.183846142857142,4.522550835348137
2023-10-15,revenue_per_user,32.176903,False,False,False,False,31.22802378571429,4.52950663643698
2023-10-16,revenue_per_user,34.197163,False,False,False,False,31.490269857142856,4.5915752871912625
2023-10-17,revenue_per_user,29.882629,False,False,False,False,31.377007428571428,4.611672117305021
2023-10-18,revenue_per_user,29.916847,False,False,False,False,31.22584635714286,4.62318130017019
2023-10-19,revenue_per_user,31.917155,False,False,False,False,31.07178957142857,4.5564275287288165
2023-10-20,revenue_per_user,32.47818,False,False,False,False,31.136488000000003,4.570491747149937
2023-10-21,revenue_per_user,29.356845,False,False,False,False,30.89137628571429,4.567100597016084
2023-10-22,revenue_per_user,31.208095,False,False,False,False,30.948589071428575,4.565584289022607
2023-10-23,revenue_per_user,31.138685,False,False,False,False,30.804059,4.521940638449023
2023-10-24,revenue_per_user,25.814983,False,False,False,False,30.31639578571429,4.674034363848595
2023-10-25,revenue_per_user,30.784549,False,False,False,False,30.09822614285714,4.567025244211052
2023-10-26,revenue_per_user,30.921468,False,False,False,False,29.919054142857142,4.474532674033974
2023-10-27,revenue_per_user,30.896165,False,False,False,False,29.762326785714286,4.392585596198402
2023-10-28,revenue_per_user,34.819749,False,False,False,False,31.107815428571428,2.1695956483912187
2023-10-29,revenue_per_user,44.475006,True,True,False,True,31.98625135714286,4.187239118089533
2023-10-30,revenue_per_user,29.187434,False,False,False,False,31.628413571428574,4.197812677596821
2023-10-31,revenue_per_user,24.704508,False,False,False,False,31.25854778571429,4.574668557901944
2023-11-01,revenue_per_user,30.019739,False,False,False,False,31.26589721428571,4.572429344218442
2023-11-02,revenue_per_user,30.221,False,False,False,False,31.144743285714288,4.576315355640816
2023-11-03,revenue_per_user,46.169011,True,True,False,True,32.12265978571428,6.09423868149553
2023-11-04,revenue_per_user,9.898265,True,True,False,True,30.732761214285713,8.51263868523581
2023-11-05,revenue_per_user,33.332344,False,False,False,False,30.884493285714285,8.540648497089094
2023-11-06,revenue_per_user,31.367881,False,False,False,False,30.90086442857143,8.541392859819336
2023-11-07,revenue_per_user,30.240273,False,False,False,False,31.216956571428568,8.419718100279184
2023-11-08,revenue_per_user,33.726987,False,False,False,False,31.427130714285713,8.444781454594224
2023-11-09,revenue_per_user,31.107978,False,False,False,False,31.440452857142855,8.444069464458082
2023-11-10,revenue_per_user,29.108718,False,False,False,False,31.31277807142857,8.466415756149047
2023-11-11,revenue_per_user,26.861963,False,False,False,False,30.744364785714286,8.4799770647664
2023-11-12,revenue_per_user,30.048668,False,False,False,False,29.713912071428574,7.503424705064513
2023-11-13,revenue_per_user,13.387181,True,True,False,True,28.585322571428573,8.684074454227446
2023-11-14,revenue_per_user,36.845592,False,False,False,False,29.452542857142856,8.87092603614914
2023-11-15,revenue_per_user,54.238577,True,True,False,True,31.182459857142856,11.077150671868978
2023-11-16,revenue_per_user,29.247907,False,False,False,False,31.112953214285714,11.086696547481859
2023-11-17,revenue_per_user,28.204195,False,False,False,False,29.829752071428572,10.215434966631804
2023-11-18,revenue_per_user,32.552998,False,False,False,False,31.44794728571429,8.458534885112856
2023-11-19,revenue_per_user,26.76926,False,False,False,False,30.97915557142857,8.527651879783416
2023-11-20,revenue_per_user,32.565536,False,False,False,False,31.064702357142856,8.537852573847239
2023-11-21,revenue_per_user,50.002099,True,True,False,True,32.47626135714286,9.9137991240764
2023-11-22,revenue_per_user,32.301642,False,False,False,False,32.374451,9.907283382774049
2023-11-23,revenue_per_user,30.674172,False,False,False,False,32.343464857142855,9.912226270113647
2023-11-24,revenue_per_user,32.649212,False,False,False,False,32.596357285714284,9.868417046894415
2023-11-25,revenue_per_user,31.678882,False,False,False,False,32.94042292857143,9.736192044643017
2023-11-26,revenue_per_user,29.322029,False,False,False,False,32.88852014285714,9.754712767759239
2023-11-27,revenue_per_user,35.910287,False,False,False,False,34.497313428571424,7.988459465558234
2023-11-28,revenue_per_user,30.423075,False,False,False,False,34.03856221428571,8.027548573403422
2023-11-29,revenue_per_user,33.260753,False,False,False,False,32.54014621428571,5.539167196377607
2023-11-30,revenue_per_user,37.045556,True,False,False,False,33.09712114285714,5.574582670001574
2023-12-01,revenue_per_user,34.553922,False,False,False,False,33.55067307142857,5.40149015658592
2023-12-02,revenue_per_user,35.056889,False,False,False,False,33.72952242857143,5.4073650517081875
2023-12-03,revenue_per_user,31.482802,False,False,False,False,34.066204,5.077327395950315
2023-12-04,revenue_per_user,32.829364,False,False,False,False,34.08504885714286,5.071815728969447
2023-12-05,revenue_per_user,32.8539,False,False,False,False,32.8601775,2.1761291804241303
2023-12-06,revenue_per_user,29.87676,False,False,False,False,32.68697164285714,2.3160113431016205
2023-12-07,revenue_per_user,32.878537,False,False,False,False,32.844426285714285,2.2424069900589743
2023-12-08,revenue_per_user,29.517046,False,False,False,False,32.620700142857146,2.4131317339203444
2023-12-09,revenue_per_user,30.045471,False,False,False,False,32.504027928571425,2.5000903367384932
2023-12-10,revenue_per_user,16.126064,True,True,True,True,31.561458999999996,5.0148268676820305
2023-12-11,revenue_per_user,34.063921,False,False,False,False,31.429575714285715,4.914944689726202
2023-12-12,revenue_per_user,13.300222,True,True,False,True,30.206514785714287,6.910165237141229
2023-12-13,revenue_per_user,29.856284,False,False,False,False,29.96333842857143,6.8540913723341435
2023-12-14,revenue_per_user,30.108765,False,False,False,False,29.46785335714286,6.54656491133665
2023-12-15,revenue_per_user,33.587546,False,False,False,False,29.398826500000002,6.493693539072727
2023-12-16,revenue_per_user,29.289802,False,False,False,False,28.986891714285715,6.286782694806172
2023-12-17,revenue_per_user,32.715952,False,False,False,False,29.074973857142858,6.332911473090274
2023-12-18,revenue_per_user,33.726248,False,False,False,False,29.139037000000002,6.378186558270847
2023-12-19,revenue_per_user,31.673995,False,False,False,False,29.054758071428573,6.33295891993848
2023-12-20,revenue_per_user,34.455724,False,False,False,False,29.38182692857143,6.494849451265238
2023-12-21,revenue_per_user,31.206189,False,False,False,False,29.2623735,6.440744403175515
2023-12-22,revenue_per_user,31.469127,False,False,False,False,29.401807857142852,6.4677553224239155
2023-12-23,revenue_per_user,29.597817,False,False,False,False,29.36983257142857,6.465434540204591
2023-12-24,revenue_per_user,34.621368,False,False,False,False,30.690925714285715,5.343372375139426
2023-12-25,revenue_per_user,30.1999,False,False,False,False,30.414924214285712,5.254805140754129
2023-12-26,revenue_per_user,33.028652,False,False,False,False,31.824097785714287,1.8623075175129646
2023-12-27,revenue_per_user,32.014159,False,False,False,False,31.978231714285716,1.774123644681237
2023-12-28,revenue_per_user,29.598882,False,False,False,False,31.9418115,1.8200912995897527
2023-12-29,revenue_per_user,30.746595,False,False,False,False,31.738886428571426,1.7804303856896713
2023-12-30,revenue_per_user,35.76513,False,False,False,False,32.201409857142856,1.9300608302140754
2023-12-31,revenue_per_user,32.85073,False,False,False,False,32.21103685714286,1.9331583967810173
